-- MySQL dump 10.13  Distrib 8.0.29, for Linux (x86_64)
--
-- Host: Lazarev10.mysql.pythonanywhere-services.com    Database: Lazarev10$compras_gob
-- ------------------------------------------------------
-- Server version	8.0.40

/*!40101 SET @OLD_CHARACTER_SET_CLIENT=@@CHARACTER_SET_CLIENT */;
/*!40101 SET @OLD_CHARACTER_SET_RESULTS=@@CHARACTER_SET_RESULTS */;
/*!40101 SET @OLD_COLLATION_CONNECTION=@@COLLATION_CONNECTION */;
/*!50503 SET NAMES utf8mb4 */;
/*!40103 SET @OLD_TIME_ZONE=@@TIME_ZONE */;
/*!40103 SET TIME_ZONE='+00:00' */;
/*!40014 SET @OLD_UNIQUE_CHECKS=@@UNIQUE_CHECKS, UNIQUE_CHECKS=0 */;
/*!40014 SET @OLD_FOREIGN_KEY_CHECKS=@@FOREIGN_KEY_CHECKS, FOREIGN_KEY_CHECKS=0 */;
/*!40101 SET @OLD_SQL_MODE=@@SQL_MODE, SQL_MODE='NO_AUTO_VALUE_ON_ZERO' */;
/*!40111 SET @OLD_SQL_NOTES=@@SQL_NOTES, SQL_NOTES=0 */;

--
-- Table structure for table `articulos`
--

DROP TABLE IF EXISTS `articulos`;
/*!40101 SET @saved_cs_client     = @@character_set_client */;
/*!50503 SET character_set_client = utf8mb4 */;
CREATE TABLE `articulos` (
  `id_articulo` varchar(15) NOT NULL,
  `articulo` varchar(100) NOT NULL,
  `unidad` varchar(50) NOT NULL,
  `area` varchar(50) NOT NULL,
  `ubicacion` varchar(20) NOT NULL,
  PRIMARY KEY (`id_articulo`)
) ENGINE=InnoDB DEFAULT CHARSET=utf8mb3;
/*!40101 SET character_set_client = @saved_cs_client */;

--
-- Dumping data for table `articulos`
--

LOCK TABLES `articulos` WRITE;
/*!40000 ALTER TABLE `articulos` DISABLE KEYS */;
INSERT INTO `articulos` VALUES ('ART-0001','GANCHO CORTO 2X1','CAJA','ALBANILERIA','galpon'),('ART-0002','LAMINA DE YESO TECHO RASO','UNIDAD','ALBANILERIA','galpon'),('ART-0003','MANTO ASFALTICO','UNIDAD','ALBANILERIA','galpon'),('ART-0004','PRIMER','CUNETE','ALBANILERIA','galpon'),('ART-0006','PUERTA DE MADERA GRANDE','UNIDAD','CARPINTERIA','galpon'),('ART-0007','PUERTA DE MADERA PEQUEÑA','UNIDAD','CARPINTERIA','galpon'),('ART-0008','CERRADURA PARA EMBUTIR','UNIDAD','CARPINTERIA','galpon'),('ART-0009','REFLECTOR 200W LED','UNIDAD','ELECTRICIDAD','galpon'),('ART-0010','BOMBILLO 50W LED','UNIDAD','ELECTRICIDAD','galpon'),('ART-0011','TABLERO 12 CIRCUITOS','UNIDAD','ELECTRICIDAD','galpon'),('ART-0012','DESMALEZADORAS','UNIDAD','ELECTRICIDAD','galpon'),('ART-0013','LAMPARAS LED DE 150W','UNIDAD','ELECTRICIDAD','galpon'),('ART-0014','BREAKER DE 1X40 AMP','UNIDAD','ELECTRICIDAD','galpon'),('ART-0015','SOCATE DE CERAMICA','UNIDAD','ELECTRICIDAD','galpon'),('ART-0016','CAJETIN 4X2','UNIDAD','ELECTRICIDAD','galpon'),('ART-0017','CABLE N° 12','ROLLO','ELECTRICIDAD','galpon'),('ART-0018','CABLE N° 10','ROLLO','ELECTRICIDAD','galpon'),('ART-0019','CAJETIN 4X4','UNIDAD','ELECTRICIDAD','galpon'),('ART-0020','TEIPE NEGRO','UNIDAD','ELECTRICIDAD','galpon'),('ART-0021','SOCATE DE CERAMICA C/GOMA','UNIDAD','ELECTRICIDAD','galpon'),('ART-0022','LAMPARAS DE 12W','UNIDAD','ELECTRICIDAD','galpon'),('ART-0023','BREAKER DE 1X20 AMP','UNIDAD','ELECTRICIDAD','galpon'),('ART-0024','INTERRUPTOR SENCILLO','UNIDAD','ELECTRICIDAD','galpon'),('ART-0025','INTERRUPTOR DOBLE','UNIDAD','ELECTRICIDAD','galpon'),('ART-0026','UNION DE 1/2\" PVC','UNIDAD','ELECTRICIDAD','galpon'),('ART-0027','TUBO DE ELECTRICIDAD 3/4','UNIDAD','ELECTRICIDAD','galpon'),('ART-0028','TUBO DE ELECTRICIDAD  1/2','UNIDAD','ELECTRICIDAD','galpon'),('ART-0029','LUMINARIAS 350 W','UNIDAD','ELECTRICIDAD','galpon'),('ART-0030','LUMINARIA 200W','UNIDAD','ELECTRICIDAD','galpon'),('ART-0031','OTRA PRUEBA','UNIDAD','ELECTRICIDAD','galpon'),('ART-0032','BOMBILLOS DE 18 W','UNIDAD','ELECTRICIDAD','galpon'),('ART-0033','BOMBA DE 1 HP','UNIDAD','ELECTRICIDAD','galpon'),('ART-0034','TOMA CORRIENTE DOBLE','UNIDAD','ELECTRICIDAD','galpon'),('ART-0035','REFLECTOR INCANDECENTE 400W','UNIDAD','ELECTRICIDAD','galpon'),('ART-0036','PALOS PARA CEPILLO','UNIDAD','GENERAL','galpon'),('ART-0037','PAPELERA PLASTICA','UNIDAD','GENERAL','galpon'),('ART-0038','SILLA DE RUEDAS P/DESINC','UNIDAD','GENERAL','galpon'),('ART-0039','VASOS #7','CAJA','GENERAL','galpon'),('ART-0040','ESCRITORIOS','UNIDAD','GENERAL','galpon'),('ART-0041','SILLA DE OFICINA ','UNIDAD','GENERAL','galpon'),('ART-0042','SILLA DE 3 PUESTOS','UNIDAD','GENERAL','galpon'),('ART-0043','PROBANDO PROOOBANDO','LITRO','GENERAL','galpon'),('ART-0044','TENSIOMETRO','UNIDAD','GENERAL','galpon'),('ART-0045','GLUCOMETRO','UNIDAD','GENERAL','galpon'),('ART-0046','COCINA','UNIDAD','GENERAL','galpon'),('ART-0047','FILTRO DE AGUA','UNIDAD','GENERAL','galpon'),('ART-0048','PAPELERA','UNIDAD','GENERAL','galpon'),('ART-0049','TOBO','UNIDAD','GENERAL','galpon'),('ART-0050','COLETO','UNIDAD','GENERAL','galpon'),('ART-0051','CEPILLO','UNIDAD','GENERAL','galpon'),('ART-0052','PALA DE PLASTICO','UNIDAD','GENERAL','galpon'),('ART-0053','CONGELADOR','UNIDAD','GENERAL','galpon'),('ART-0054','DISCO DURO TOSHIBA 1 TB','UNIDAD','GENERAL','galpon'),('ART-0055','COLCHON INDIVIDUAL','UNIDAD','GENERAL','galpon'),('ART-0056','CAFETERA','UNIDAD','GENERAL','galpon'),('ART-0057','MICROONDAS','UNIDAD','GENERAL','galpon'),('ART-0058','COTILLON','UNIDAD','GENERAL','galpon'),('ART-0059','TORTA','UNIDAD','GENERAL','galpon'),('ART-0060','HALOGEN OPTICAL LAMP','UNIDAD','GENERAL','galpon'),('ART-0061','HALOGEN LAMP OSRAM','UNIDAD','GENERAL','galpon'),('ART-0062','ELECTRODO','KILO','HERRERIA','galpon'),('ART-0063','CERRADURA DE POMO','UNIDAD','HERRERIA','galpon'),('ART-0064','CERRADURA DE SOBREPONER','UNIDAD','HERRERIA','galpon'),('ART-0065','MANILLA DE PUERTA METAL','UNIDAD','HERRERIA','galpon'),('ART-0066','DISCO DE ESMERIL 4\"','UNIDAD','HERRERIA','galpon'),('ART-0067','DISCO DE TROZADORA','UNIDAD','HERRERIA','galpon'),('ART-0068','BISAGRAS','UNIDAD','HERRERIA','galpon'),('ART-0069','CLAVOS 2\"','KILO','HERRERIA','galpon'),('ART-0070','CABILLA 1/2 6M','UNIDAD','HERRERIA','galpon'),('ART-0071','CABILLA 3/8 6M','UNIDAD','HERRERIA','galpon'),('ART-0072','MALLA TRUCKSON 6X6','ROLLO','HERRERIA','galpon'),('ART-0073','CERCHA DE 15 CM','UNIDAD','HERRERIA','galpon'),('ART-0074','ANGULO DE 1\" 6M','UNIDAD','HERRERIA','galpon'),('ART-0075','CABILLA LISA 5/8 6M ','UNIDAD','HERRERIA','galpon'),('ART-0076','CANDADO','UNIDAD','HERRERIA','galpon'),('ART-0077','TIRRO','UNIDAD','PINTURA','galpon'),('ART-0078','RODILLO ','UNIDAD','PINTURA','galpon'),('ART-0079','FUNDA PARA RODILLOS','UNIDAD','PINTURA','galpon'),('ART-0080','PINTURA DE CAUCHO COLOR MOSTAZA','CUNETE','PINTURA','galpon'),('ART-0081','PINTURA DE CAUCHO COLOR AZUL NAUTICO','CUNETE','PINTURA','galpon'),('ART-0082','PINTURA DE CAUCHO COLOR VERDE MANZANA','CUNETE','PINTURA','galpon'),('ART-0083','PINTURA DE CAUCHO COLOR MENTA','CUNETE','PINTURA','galpon'),('ART-0084','PINTURA DE CAUCHO COLOR VERDE CONCRETO','CUNETE','PINTURA','galpon'),('ART-0085','PINTURA DE CAUCHO COLOR GRIS CEMENTO','CUNETE','PINTURA','galpon'),('ART-0086','PINTURA DE CAUCHO COLOR AZUL FIRMAMENTO','CUNETE','PINTURA','galpon'),('ART-0087','PINTURA DE CAUCHO COLOR VERDE CEMENTO','CUNETE','PINTURA','galpon'),('ART-0088','PINTURA DE CAUCHO COLOR VERDE PRIMAVERA','CUNETE','PINTURA','galpon'),('ART-0089','PINTURA DE CAUCHO COLOR AZUL','CUNETE','PINTURA','galpon'),('ART-0090','PINTURA DE CAUCHO AZUL REY','CUNETE','PINTURA','galpon'),('ART-0091','PINTURA DE CAUCHO COLOR BEIGE','CUNETE','PINTURA','galpon'),('ART-0092','PINTURA DE CANCHA COLOR BLANCO','CUNETE','PINTURA','galpon'),('ART-0093','PINTURA DE CAUCHO COLOR MARFIL','CUNETE','PINTURA','galpon'),('ART-0094','PINTURA PARA CONCRETO COLOR VERDE','CUNETE','PINTURA','galpon'),('ART-0095','PINTURA PARA CONCRETO COLOR AMARILLO','CUNETE','PINTURA','galpon'),('ART-0096','PINTURA PARA CONCRETO COLOR NEGRO','CUNETE','PINTURA','galpon'),('ART-0097','PINTURA PARA CONCRETO COLOR BLANCO','CUNETE','PINTURA','galpon'),('ART-0098','PINTURA DE ESMALTE COLOR GRIS','CUNETE','PINTURA','galpon'),('ART-0099','BALON DE FUTBOL SALA','UNIDAD','PINTURA','galpon'),('ART-0100','GRIFERIA DE DUCHA','UNIDAD','PLOMERIA','galpon'),('ART-0101','SIFON PARA FREGADERO','UNIDAD','PLOMERIA','galpon'),('ART-0102','LLAVE DE FREGADERO DOBLE ','UNIDAD','PLOMERIA','galpon'),('ART-0103','TAPONES DE 2\" AN','UNIDAD','PLOMERIA','galpon'),('ART-0104','TAPONES DE 1/2\" MACHO','UNIDAD','PLOMERIA','galpon'),('ART-0105','CODO DE 1/2 90° PVC','UNIDAD','PLOMERIA','galpon'),('ART-0106','TEE DE 3/4\" PVC','UNIDAD','PLOMERIA','galpon'),('ART-0107','TEE DE 1/2\" PVC','UNIDAD','PLOMERIA','galpon'),('ART-0108','ANILLO 1/2\" PVC','UNIDAD','PLOMERIA','galpon'),('ART-0109','LLAVE DE PASO DE 3\" PVC','UNIDAD','PLOMERIA','galpon'),('ART-0110','LLAVE DE PASO 1/2\" PVC','UNIDAD','PLOMERIA','galpon'),('ART-0111','LLAVE DE PASO DE 3/4\" PVC','UNIDAD','PLOMERIA','galpon'),('ART-0112','CURVA DE ELECTRICIDAD 3/4','UNIDAD','PLOMERIA','galpon'),('ART-0113','ANILLO 3/4\" PVC','UNIDAD','PLOMERIA','galpon'),('ART-0114','CODO DE HG 2\"','UNIDAD','PLOMERIA','galpon'),('ART-0115','CODO DE HG 1/2\"','UNIDAD','PLOMERIA','galpon'),('ART-0116','TEFLON GRANDE','UNIDAD','PLOMERIA','galpon'),('ART-0117','PEGA PVC 1/4','UNIDAD','PLOMERIA','galpon'),('ART-0118','TAPAS DE INODORO 15X15 CENTRO DE PISO','UNIDAD','PLOMERIA','galpon'),('ART-0119','YEE DE 4\" A 2\" ','UNIDAD','PLOMERIA','galpon'),('ART-0120','SIFON DE AN 2\"','UNIDAD','PLOMERIA','galpon'),('ART-0121','CESTA DE FREGADERO','UNIDAD','PLOMERIA','galpon'),('ART-0122','TUBO DE 1/2 PVC AGUA FRIA','UNIDAD','PLOMERIA','galpon'),('ART-0123','TUBO DE 3/4 PVC AGUA FRIA','UNIDAD','PLOMERIA','galpon'),('ART-0124','TUBOS DE 1 \" ','UNIDAD','PLOMERIA','galpon'),('ART-0125','HJGHJ','UNIDAD','PLOMERIA','galpon'),('ART-0126','TUBOS DE AGUAS NEGRA 2\"','UNIDAD','PLOMERIA','galpon'),('ART-0127','TUBOS DE AGUAS NEGRA 4\"','UNIDAD','PLOMERIA','galpon'),('ART-0128','TUBO 2X1 ','UNIDAD','PLOMERIA','galpon'),('ART-0129','BAJANTE DE LAVAMANOS','UNIDAD','PLOMERIA','galpon'),('ART-0130','LLAVE DE LAVAMANOS','UNIDAD','PLOMERIA','galpon'),('ART-0131','ADAPTADOR HEMBRA 1/2','UNIDAD','PLOMERIA','galpon'),('ART-0132','ADAPTADOR MACHO 1/2','UNIDAD','PLOMERIA','galpon'),('ART-0133','LIJA GRANO 120','UNIDAD','PLOMERIA','galpon'),('ART-0134',' TUBO DE 1,80','UNIDAD','PLOMERIA','galpon'),('ART-0135','TUBO DE AGUAS SERVIDAS 2\"','UNIDAD','PLOMERIA','galpon'),('ART-0136','TUBO DE AGUAS SERVIDAS 4\"','UNIDAD','PLOMERIA','galpon'),('ART-0137','LIJA 180','UNIDAD','PLOMERIA','galpon'),('ART-0138','AIRE ACONDICIONADO DE 5 TONELADAS','UNIDAD','REFRIGERACION','galpon'),('ART-0139','AIRE ACONDICIONADO 36000 BTU','UNIDAD','REFRIGERACION','galpon'),('OFC-0001','MULETAS','UNIDAD','AYUDAS','oficina'),('OFC-0002','BASTON DE 1 PUNTA','UNIDAD','AYUDAS','oficina'),('OFC-0003','GLUCOMETRO PORTATIL','UNIDAD','AYUDAS','oficina'),('OFC-0004','NEBULIZADOR','UNIDAD','AYUDAS','oficina'),('OFC-0005','REGULADOR DE OXIGENO','UNIDAD','AYUDAS','oficina'),('OFC-0006','APARATO ODONTOLÓGICO','UNIDAD','AYUDAS','oficina'),('OFC-0007','OXÍMETRO','UNIDAD','AYUDAS','oficina'),('OFC-0008','TERMOMETRO','UNIDAD','AYUDAS','oficina'),('OFC-0009','TERMOMETRO DIGITAL','UNIDAD','AYUDAS','oficina'),('OFC-0010','EQUIPO O.R.L.','UNIDAD','AYUDAS','oficina'),('OFC-0011','MINIRREGULADOR DE OXIGENO','UNIDAD','AYUDAS','oficina'),('OFC-0012','PANAL PARA NINO','UNIDAD','CANASTILLA','oficina'),('OFC-0013','SET DE TETERO PARA NINA','UNIDAD','CANASTILLA','oficina'),('OFC-0014','TETERO INDIVIDUAL','UNIDAD','CANASTILLA','oficina'),('OFC-0015','CHUPONES','UNIDAD','CANASTILLA','oficina'),('OFC-0016','LAVATETERO','UNIDAD','CANASTILLA','oficina'),('OFC-0017','KIT DE HIGIENE PERSONAL','UNIDAD','CANASTILLA','oficina'),('OFC-0018','CORTA UÑA','UNIDAD','CANASTILLA','oficina'),('OFC-0019','TALCO PARA BEBE','UNIDAD','CANASTILLA','oficina'),('OFC-0020','ACEITE PARA BEBE','UNIDAD','CANASTILLA','oficina'),('OFC-0021','SHAMPOO PARA BEBE','UNIDAD','CANASTILLA','oficina'),('OFC-0022','CREMA DE BEBE','UNIDAD','CANASTILLA','oficina'),('OFC-0023','VITAMINA PARA BEBE','UNIDAD','CANASTILLA','oficina'),('OFC-0024','HISOPO','UNIDAD','CANASTILLA','oficina'),('OFC-0025','PANOS AMARILLOS','UNIDAD','CANASTILLA','oficina'),('OFC-0026','PANO PARA MANO','UNIDAD','CANASTILLA','oficina'),('OFC-0027','TOALLAS','UNIDAD','CANASTILLA','oficina'),('OFC-0028','PANITO BLANCO','UNIDAD','CANASTILLA','oficina'),('OFC-0029','PANO DE COCINA ','UNIDAD','CANASTILLA','oficina'),('OFC-0030','MEDIA PARA BEBE','PAR','CANASTILLA','oficina'),('OFC-0031','BABERO PARA BEBE','UNIDAD','CANASTILLA','oficina'),('OFC-0032','ROPA DE BEBE','UNIDAD','CANASTILLA','oficina'),('OFC-0033','SABANA EN PAQUETE','UNIDAD','GENERAL','oficina'),('OFC-0034','JABON BEBE','UNIDAD','CANASTILLA','oficina'),('OFC-0035','PELOTAS DE BEISBOL','UNIDAD','DEPORTES','oficina'),('OFC-0036','GUANTE DE BEISBOL IZQ','UNIDAD','DEPORTES','oficina'),('OFC-0037','RED DE FUTBOL SALA','UNIDAD','DEPORTES','oficina'),('OFC-0038','RED DE FUTBOL CAMPO','UNIDAD','DEPORTES','oficina'),('OFC-0039','RED DE VOLEIBOL','UNIDAD','DEPORTES','oficina'),('OFC-0040','RED DE BASQUET','UNIDAD','DEPORTES','oficina'),('OFC-0041','MECATE','UNIDAD','DEPORTES','oficina'),('OFC-0042','MECATE','ROLLO','FERRETERIA','oficina'),('OFC-0043','REGLETA 6 TOMAS','UNIDAD','FERRETERIA','oficina'),('OFC-0044','TOMACORRIENTE','UNIDAD','FERRETERIA','oficina'),('OFC-0045','TEIPE NEGRO','UNIDAD','FERRETERIA','oficina'),('OFC-0046','ACEITE MOTO 2T','LITRO','FERRETERIA','oficina'),('OFC-0047','CABLE DE BOMBA DE AGUA','UNIDAD','FERRETERIA','oficina'),('OFC-0048','ROMPECABEZA (600 PIEZAS)','UNIDAD','JUGUETES','oficina'),('OFC-0049','ROMPECABEZA (815 PIEZAS)','UNIDAD','JUGUETES','oficina'),('OFC-0050','GUANTES (X50 PARES)','CAJA','MEDICINAS','oficina'),('OFC-0051','TAPABOCA SURTIDO (X50 UND)','CAJA','MEDICINAS','oficina'),('OFC-0052','GORRO QUIRURGICO (X50 UND)','CAJA','MEDICINAS','oficina'),('OFC-0053','GEL DE ECO','GALON','MEDICINAS','oficina'),('OFC-0054','CAL SODADA','KILO','MEDICINAS','oficina'),('OFC-0055','RESMA DE HOJAS OFICIO','UNIDAD','PAPELERIA','oficina'),('OFC-0056','RESMA DE HOJAS CARTA','UNIDAD','PAPELERIA','oficina'),('OFC-0057','CARPETA TIPO OFICIO (PAQUETE)','UNIDAD','PAPELERIA','oficina'),('OFC-0058','CARPETA TIPO CARTA (PAQUETE)','UNIDAD','PAPELERIA','oficina'),('OFC-0059','PEGA EN BARRA (24UND)','CAJA','PAPELERIA','oficina'),('OFC-0060','TIJERAS GRANDES','UNIDAD','PAPELERIA','oficina'),('OFC-0061','GRAPAS LISAS (X10 PAQ)','CAJA','PAPELERIA','oficina'),('OFC-0062','PILA AAA','CAJA','PAPELERIA','oficina'),('OFC-0063','PILA AA','UNIDAD','PAPELERIA','oficina'),('OFC-0064','SILICON CALIENTE','UNIDAD','PAPELERIA','oficina'),('OFC-0065','LAPICERO AZUL','CAJA','PAPELERIA','oficina'),('OFC-0066','LAPICERO NEGRO','CAJA','PAPELERIA','oficina'),('OFC-0067','MARCADOR PERMANENTE AZUL','CAJA','PAPELERIA','oficina'),('OFC-0068','MARCADOR PERMANENTE NEGRO','CAJA','PAPELERIA','oficina'),('OFC-0069','SOBRE MANILA CARTA (PAQUETE)','UNIDAD','PAPELERIA','oficina'),('OFC-0070','SOBRE MANILA OFICIO (PAQUETE)','UNIDAD','PAPELERIA','oficina'),('OFC-0071','CARPETAS DE COLORES','UNIDAD','PAPELERIA','oficina'),('OFC-0072','RESALTADORES GRANDES','UNIDAD','PAPELERIA','oficina'),('OFC-0073','RESALTADORES (PAQUETE DE 4 UND)','UNIDAD','PAPELERIA','oficina'),('OFC-0074','EXACTOS (PAQUETE)','UNIDAD','PAPELERIA','oficina'),('OFC-0075','CLIP MARIPOSA','CAJA','PAPELERIA','oficina'),('OFC-0076','GRAPAS CORRUGADAS','CAJA','PAPELERIA','oficina'),('OFC-0077','STICKERS DE NOTAS (PAQUETE)','UNIDAD','PAPELERIA','oficina'),('OFC-0078','LIGAS (PAQUETE)','UNIDAD','UTENSILIOS','oficina'),('OFC-0079','PEGA BLANCA LIQUIDA','UNIDAD','GENERAL','oficina'),('OFC-0080','CARPETA CON ARO','UNIDAD','PAPELERIA','oficina'),('OFC-0081','LAPIZ GRAFITO','CAJA','PAPELERIA','oficina'),('OFC-0082','TIRRO DE DEMARCACION','UNIDAD','FERRETERIA','oficina'),('OFC-0083','PAILA DE COCINA PEQUENA','UNIDAD','UTENSILIOS','oficina'),('OFC-0084','CUCHARILLA GRANDE','UNIDAD','UTENSILIOS','oficina'),('OFC-0085','CUCHARON','UNIDAD','UTENSILIOS','oficina'),('OFC-0086','PEINE SURTIDO (PAQUETE)','UNIDAD','VARIOS','oficina'),('OFC-0087','CAJAS ACRILICAS','UNIDAD','VARIOS','oficina'),('OFC-0088','CHINCHORROS','UNIDAD','VARIOS','oficina'),('OFC-0089','LIGAS PARA CABELLO (PAQUETE)','UNIDAD','VARIOS','oficina'),('OFC-0090','SERVILLETAS (PAQUETE)','UNIDAD','VARIOS','oficina'),('OFC-0092','SUPLEMENTO PROTEINA 900G','UNIDAD','VARIOS','oficina'),('OFC-0094','ALMOHADAS','UNIDAD','VARIOS','oficina'),('OFC-0095','BOLSOS ESCOLARES','UNIDAD','VARIOS','oficina'),('OFC-0096','CREMA DENTAL','UNIDAD','VARIOS','oficina'),('OFC-0097','SALSEROS','UNIDAD','VARIOS','oficina'),('OFC-0098','JABON HARMONY','UNIDAD','VARIOS','oficina'),('OFC-0099','PONCHERA','UNIDAD','VARIOS','oficina'),('OFC-0100','TOBO','UNIDAD','VARIOS','oficina'),('OFC-0101','DESODORANTE','UNIDAD','VARIOS','oficina'),('OFC-0102','CALAZAM (BOTELLA)','UNIDAD','VARIOS','oficina'),('OFC-0103','TENEDORES DE PLASTICO','UNIDAD','VARIOS','oficina'),('OFC-0104','WALKI TALKIE','UNIDAD','VARIOS','oficina'),('OFC-0105','BANDEJAS DE MONAGAS ACRILICAS','UNIDAD','VARIOS','oficina'),('OFC-0106','RED BULL','UNIDAD','VARIOS','oficina'),('OFC-0107','ESTUCHE DE NINA (JUEGO)','UNIDAD','VARIOS','oficina'),('OFC-0108','GATORADE','UNIDAD','VARIOS','oficina'),('OFC-0109','BANDERA PROTOCOLAR (VENEZUELA)','UNIDAD','VARIOS','oficina'),('OFC-0110','BANDERA PROTOCOLAR (MONAGAS)','UNIDAD','VARIOS','oficina'),('OFC-0111','BANDERA DE VENEZUELA','UNIDAD','VARIOS','oficina'),('OFC-0112','BANDERA DE MONAGAS','UNIDAD','VARIOS','oficina'),('OFC-0113','COBIJA','UNIDAD','VARIOS','oficina'),('OFC-0114','PESO DIGITAL (COCINA)','UNIDAD','VARIOS','oficina'),('OFC-0115','CUCHARILLA DE PLASTICO','UNIDAD','VARIOS','oficina'),('OFC-0116','GEL PARA CABELLO','UNIDAD','VARIOS','oficina'),('OFC-0117','CEPILLO DE DIENTES','UNIDAD','VARIOS','oficina'),('OFC-0118','TEMPERA','CAJA','VARIOS','oficina'),('OFC-0119','AGUA EMBOTELLADA (24 UND)','UNIDAD','GENERAL','oficina'),('OFC-0120','TENSIOMETRO','UNIDAD','AYUDAS','oficina'),('OFC-0121','SHAMPOO','UNIDAD','GENERAL','oficina'),('OFC-0122','CARPETA TIPO OFICIO (UNIDAD)','UNIDAD','PAPELERIA','oficina'),('OFC-0124','LAPICERO NEGRO','UNIDAD','VARIOS','oficina'),('OFC-0127','CREMA DENTAL','CAJA','PAPELERIA','oficina'),('OFC-0128','LAPICERO AZUL','UNIDAD','VARIOS','oficina'),('OFC-0129','JUGO','UNIDAD','VARIOS','oficina'),('OFC-0130','AZUCAR','KILO','VARIOS','oficina'),('OFC-0131','CAFE 500 GR','UNIDAD','VARIOS','oficina');
/*!40000 ALTER TABLE `articulos` ENABLE KEYS */;
UNLOCK TABLES;

--
-- Table structure for table `articulos_extra_salida`
--

DROP TABLE IF EXISTS `articulos_extra_salida`;
/*!40101 SET @saved_cs_client     = @@character_set_client */;
/*!50503 SET character_set_client = utf8mb4 */;
CREATE TABLE `articulos_extra_salida` (
  `id` int NOT NULL AUTO_INCREMENT,
  `id_salida` varchar(15) COLLATE utf8mb4_general_ci NOT NULL,
  `articulo` varchar(255) COLLATE utf8mb4_general_ci DEFAULT NULL,
  `cantidad` int DEFAULT NULL,
  `unidad` varchar(30) COLLATE utf8mb4_general_ci NOT NULL,
  `area` varchar(30) COLLATE utf8mb4_general_ci NOT NULL,
  PRIMARY KEY (`id`),
  KEY `id_salida` (`id_salida`),
  CONSTRAINT `articulos_extra_salida_ibfk_1` FOREIGN KEY (`id_salida`) REFERENCES `salidas_inventario` (`id_salida`) ON DELETE CASCADE ON UPDATE CASCADE
) ENGINE=InnoDB AUTO_INCREMENT=294 DEFAULT CHARSET=utf8mb4 COLLATE=utf8mb4_general_ci;
/*!40101 SET character_set_client = @saved_cs_client */;

--
-- Dumping data for table `articulos_extra_salida`
--

LOCK TABLES `articulos_extra_salida` WRITE;
/*!40000 ALTER TABLE `articulos_extra_salida` DISABLE KEYS */;
INSERT INTO `articulos_extra_salida` VALUES (54,'SOF-0002','TONER LASERJET 131A',1,'UNIDAD','GENERAL'),(79,'SOF-0005','ANESTESIA ODONTOLOGICA',1,'CAJA','MEDICINAS'),(80,'SOF-0005','VASO PARA CAFE',2,'CAJA','PAPELERIA'),(81,'SOF-0005','VASOS PARA AGUA (PAQUETE)',4,'UNIDAD','VARIOS'),(82,'SOF-0005','TOALLIN',2,'UNIDAD','VARIOS'),(83,'SOF-0005','BOLSAS TRANSPARENTES',100,'UNIDAD','PAPELERIA'),(84,'SOF-0005','ANTIBACTERIAL',1,'UNIDAD','VARIOS'),(90,'SOF-0008','ANDADERAS ',18,'UNIDAD','AYUDAS'),(91,'SOF-0008','BASTON DE 4 PUNTAS',7,'UNIDAD','AYUDAS'),(92,'SOF-0008','COLCHÓN ANTIESCARAS',6,'UNIDAD','AYUDAS'),(93,'SOF-0008','NEBULIZADOR',35,'UNIDAD','AYUDAS'),(94,'SOF-0009','BROCHA DE 2 \"',3,'UNIDAD','FERRETERIA'),(95,'SOF-0009','BROCHA DE 3\"',3,'UNIDAD','FERRETERIA'),(96,'SOF-0009','ELECTRODO',2,'KILO','FERRETERIA'),(97,'SOF-0011','CAFE 500GR',1,'UNIDAD','VARIOS'),(98,'SOF-0015','PAQUETE DE VASOS 77',1,'UNIDAD','PAPELERIA'),(103,'SOF-0017','PAQUETE DE BOLSAS PARA COTUFA',1,'UNIDAD','VARIOS'),(104,'SOF-0017','PAQUETE DE VASOS 27',2,'UNIDAD','VARIOS'),(105,'SOF-0017','PAQUETE DE VASOS 77',2,'UNIDAD','VARIOS'),(106,'SOF-0018','CAJETIN',2,'UNIDAD','FERRETERIA'),(107,'SOF-0018','TOMA CORRIENTE',2,'UNIDAD','FERRETERIA'),(108,'SOF-0018','SISTEMA DE DRENAJE CON PALANCA DE POCETA',1,'UNIDAD','FERRETERIA'),(112,'SOF-0020','DESMALEZADORA DE BASTON A GASOLINA ',1,'UNIDAD','VARIOS'),(113,'SOF-0021','OBSEQUIO',2,'UNIDAD','VARIOS'),(118,'SOF-0024','SILLA DE OFICINA',5,'UNIDAD','VARIOS'),(120,'SOF-0023','SILLAS DE OFICINA',2,'UNIDAD','VARIOS'),(121,'SOF-0026','CAFE 500 GR',1,'UNIDAD','VARIOS'),(122,'SOF-0026','AZUCAR 1K',1,'UNIDAD','VARIOS'),(123,'SOF-0029','MÁQUINA DE COSER',1,'UNIDAD','VARIOS'),(124,'SOF-0030','SILLA DE VISITANTE',2,'UNIDAD','GENERAL'),(125,'SOF-0030','SILLA DE RUEDAS',1,'UNIDAD','GENERAL'),(126,'SOF-0033','CAFÉ 500 GR',500,'UNIDAD','VARIOS'),(127,'SOF-0033','AZUCAR (KILO)',1,'UNIDAD','VARIOS'),(128,'SOF-0033','PAQUETE DE VASOS DE CAFÉ',1,'UNIDAD','VARIOS'),(129,'SOF-0035','TORONTO',1,'UNIDAD','VARIOS'),(130,'SOF-0035','MANI SALADO',2,'UNIDAD','VARIOS'),(131,'SOF-0035','SAMBA',24,'UNIDAD','VARIOS'),(132,'SOF-0036','CD VIRGEN',12,'UNIDAD','GENERAL'),(133,'SOF-0038','LAPICERO',6,'UNIDAD','PAPELERIA'),(134,'SOF-0038','PAQUETE DE VASOS PARA AGUA',1,'UNIDAD','GENERAL'),(135,'SOF-0038','PAQUETE DE VASOS PARA CAFE',1,'UNIDAD','VARIOS'),(156,'SOF-0040','CATETER INTRAVENOSO 24G',40,'UNIDAD','VARIOS'),(157,'SOF-0040','BUDESONIDA 1MG/ML',3,'UNIDAD','VARIOS'),(158,'SOF-0040','NASAL MIST',6,'UNIDAD','VARIOS'),(159,'SOF-0040','GOTAS FISIOLOGICAS',2,'UNIDAD','VARIOS'),(160,'SOF-0040','ADHESIVO',82,'UNIDAD','VARIOS'),(161,'SOF-0040','BOLSA DE MOTAS DE ALGODÓN',1,'UNIDAD','VARIOS'),(162,'SOF-0040','MASCARA DE OXIGENO PARA ADULTO',1,'UNIDAD','VARIOS'),(163,'SOF-0040','JERINGAS DESECHABLES 20ML',50,'UNIDAD','VARIOS'),(164,'SOF-0040','SCALP 25G',100,'UNIDAD','VARIOS'),(165,'SOF-0040','SCALP 21G',100,'UNIDAD','VARIOS'),(166,'SOF-0040','ALCOHOL',2,'GALON','VARIOS'),(167,'SOF-0040','JERINGA DESECHABLE CON AGUJA 5ML',2,'CAJA','VARIOS'),(168,'SOF-0040','GUANTES TALLA 7',2,'CAJA','VARIOS'),(169,'SOF-0040','CATETER I.V 22G',1,'CAJA','VARIOS'),(170,'SOF-0044','CLORO',1,'UNIDAD','GENERAL'),(181,'SOF-0039','PAQUETE DE VASOS PARA AGUA',2,'UNIDAD','VARIOS'),(182,'SOF-0039','PAQUETE DE VASOS PARA CAFE',2,'UNIDAD','VARIOS'),(183,'SOF-0039','CLORO',1,'UNIDAD','PAPELERIA'),(184,'SOF-0039','ALCOHOL',1,'GALON','VARIOS'),(185,'SOF-0039','BOLSAS DE PAPEL',100,'GALON','VARIOS'),(186,'SOF-0016','PAQUETE DE BOLSAS PARA COTUFA',3,'UNIDAD','VARIOS'),(187,'SOF-0016','PAQUETE DE VASOS 77',4,'UNIDAD','VARIOS'),(188,'SOF-0045','ALTAVOZ PORTATIL SJ-1503PRO',1,'UNIDAD','VARIOS'),(190,'SOF-0047','PAQUETE DE VASOS 77 ',4,'UNIDAD','VARIOS'),(191,'SOF-0047','PAQUETES DE 2 PILAS AA',2,'UNIDAD','VARIOS'),(192,'SOF-0048','CAFE 500 GRAMOS',1,'UNIDAD','VARIOS'),(193,'SOF-0048','AZUCAR 1 KILO',1,'UNIDAD','VARIOS'),(194,'SOF-0048','AGUA EMBOTELLADA (6 UNIDADES)',1,'UNIDAD','VARIOS'),(222,'SOF-0049','PEGA EN BARRA',3,'UNIDAD','PAPELERIA'),(223,'SOF-0049','MARCADOR AZUL',1,'UNIDAD','PAPELERIA'),(224,'SOF-0049','MARCADOR NEGRO',1,'UNIDAD','GENERAL'),(225,'SOF-0049','GRAPAS',2,'CAJA','VARIOS'),(226,'SOF-0049','CARPETA MARRON TIPO CARTA',5,'UNIDAD','PAPELERIA'),(227,'SOF-0049','BORRADOR NATA',2,'UNIDAD','VARIOS'),(230,'SOF-0050','BANDEJA DE PASAPALO',1,'UNIDAD','VARIOS'),(231,'SOF-0050','JUGOS DE 1,5 LITROS',3,'UNIDAD','VARIOS'),(232,'SOF-0050','PAQUETE DE VASO 77',1,'UNIDAD','VARIOS'),(233,'SOF-0051','DESAYUNO',300,'UNIDAD','VARIOS'),(234,'SOF-0051','JUGOS',300,'UNIDAD','VARIOS'),(235,'SOF-0051','CENA',300,'UNIDAD','VARIOS'),(236,'SOF-0051','AGUA EMBOTELLADA (24 UND)',13,'UNIDAD','VARIOS'),(237,'SOF-0052','MAQUINA DE COSER: SINGER/M1255',2,'UNIDAD','VARIOS'),(242,'SOF-0058','CLORO',20,'LITRO','VARIOS'),(243,'SOF-0058','JABON LIQUIDO',20,'LITRO','VARIOS'),(244,'SOF-0058','DESINFECTANTE',20,'LITRO','VARIOS'),(245,'SOF-0058','PAÑO DE COCINA AMARILLO',10,'UNIDAD','VARIOS'),(246,'SOF-0058','ACEITE 2 TIEMPOS',1,'UNIDAD','VARIOS'),(247,'SOF-0059','ROUTER WIFI 6 TENDA',1,'UNIDAD','VARIOS'),(248,'SOF-0060','COCINA PEQUEÑA',1,'UNIDAD','VARIOS'),(250,'SOF-0061','MAQUINA DE COSER MARCA SINGER MODELO 1255',1,'UNIDAD','VARIOS'),(257,'SOF-0064','BALON DE FOOTBALL CAMPO',2,'UNIDAD','VARIOS'),(258,'SOF-0063','BALON DE FOOTBALL CAMPO',1,'UNIDAD','VARIOS'),(259,'SOF-0063','BALON DE FOOTBALL SALA',1,'UNIDAD','VARIOS'),(260,'SOF-0065','CABLE #12 (MEDIO ROLLO)',1,'UNIDAD','FERRETERIA'),(265,'SOF-0066','BALON DE FUTBOL CAMPO',5,'UNIDAD','GENERAL'),(266,'SOF-0066','BALON DE FUTBOL SALA',5,'UNIDAD','GENERAL'),(267,'SOF-0066','BALON DE VOLLEYBALL',5,'UNIDAD','GENERAL'),(268,'SOF-0066','BALON DE KICKING BALL',5,'UNIDAD','GENERAL'),(269,'SOF-0066','PELOTA DE SOFTBALL',5,'UNIDAD','GENERAL'),(274,'SOF-0069','JABON LIQUIDO',1,'GALON','VARIOS'),(275,'SOF-0069','CLORO',1,'GALON','VARIOS'),(276,'SOF-0069','DESINFECTANTE',1,'GALON','VARIOS'),(277,'SOF-0067','CORNETA SJ-1203PRO CON PARAL',1,'UNIDAD','VARIOS'),(278,'SOF-0067','CORNETA SJ-1503 CON PARAL',1,'UNIDAD','VARIOS'),(284,'SOF-0070','AZUCAR',2,'KILO','VARIOS'),(285,'SOF-0070','CAFE 500 GR',1,'UNIDAD','VARIOS'),(286,'SOF-0070','TE ',5,'CAJA','VARIOS'),(289,'SOF-0072','TRANSF. MON. 15KVA 13800/120-240V CAIVET',1,'UNIDAD','VARIOS'),(290,'SOF-0072','ABRASADERA 4T 6 - 6 1/2 IN',10,'UNIDAD','VARIOS'),(291,'SOF-0071','CAJA DE TÉ',5,'UNIDAD','VARIOS'),(292,'SOF-0071','BANDEJA DE PASAPALOS',4,'UNIDAD','VARIOS'),(293,'SOF-0071','FRUTAS VARIADAS (BOLSA)',1,'UNIDAD','VARIOS');
/*!40000 ALTER TABLE `articulos_extra_salida` ENABLE KEYS */;
UNLOCK TABLES;

--
-- Table structure for table `aux_entradas_inventario`
--

DROP TABLE IF EXISTS `aux_entradas_inventario`;
/*!40101 SET @saved_cs_client     = @@character_set_client */;
/*!50503 SET character_set_client = utf8mb4 */;
CREATE TABLE `aux_entradas_inventario` (
  `id` int NOT NULL AUTO_INCREMENT,
  `id_entrada` varchar(15) COLLATE utf8mb4_general_ci NOT NULL,
  `id_articulo` varchar(15) COLLATE utf8mb4_general_ci NOT NULL,
  `cantidad` int NOT NULL,
  PRIMARY KEY (`id`),
  KEY `id_articulo` (`id_articulo`),
  KEY `id_entrada` (`id_entrada`)
) ENGINE=InnoDB AUTO_INCREMENT=375 DEFAULT CHARSET=utf8mb4 COLLATE=utf8mb4_general_ci;
/*!40101 SET character_set_client = @saved_cs_client */;

--
-- Dumping data for table `aux_entradas_inventario`
--

LOCK TABLES `aux_entradas_inventario` WRITE;
/*!40000 ALTER TABLE `aux_entradas_inventario` DISABLE KEYS */;
INSERT INTO `aux_entradas_inventario` VALUES (246,'EOF-0001','OFC-0001',3),(247,'EOF-0001','OFC-0002',1),(248,'EOF-0001','OFC-0003',53),(249,'EOF-0001','OFC-0004',4),(250,'EOF-0001','OFC-0005',6),(251,'EOF-0001','OFC-0006',1),(252,'EOF-0001','OFC-0007',35),(253,'EOF-0001','OFC-0008',3),(254,'EOF-0001','OFC-0009',2),(255,'EOF-0001','OFC-0010',7),(256,'EOF-0001','OFC-0011',8),(257,'EOF-0002','OFC-0012',3),(258,'EOF-0002','OFC-0013',2),(259,'EOF-0002','OFC-0014',15),(260,'EOF-0002','OFC-0015',3),(261,'EOF-0002','OFC-0016',2),(262,'EOF-0002','OFC-0017',10),(263,'EOF-0002','OFC-0018',26),(264,'EOF-0002','OFC-0019',13),(265,'EOF-0002','OFC-0020',13),(266,'EOF-0002','OFC-0021',13),(267,'EOF-0002','OFC-0022',4),(268,'EOF-0002','OFC-0023',2),(269,'EOF-0002','OFC-0024',10),(270,'EOF-0002','OFC-0025',32),(271,'EOF-0002','OFC-0026',1),(272,'EOF-0002','OFC-0027',3),(273,'EOF-0002','OFC-0028',8),(274,'EOF-0002','OFC-0029',20),(275,'EOF-0002','OFC-0030',9),(276,'EOF-0002','OFC-0031',9),(277,'EOF-0002','OFC-0032',39),(278,'EOF-0002','OFC-0033',8),(279,'EOF-0002','OFC-0034',10),(280,'EOF-0003','OFC-0035',7),(281,'EOF-0003','OFC-0036',1),(282,'EOF-0003','OFC-0037',2),(283,'EOF-0003','OFC-0038',1),(284,'EOF-0003','OFC-0039',2),(285,'EOF-0003','OFC-0040',4),(286,'EOF-0003','OFC-0041',2),(287,'EOF-0004','OFC-0042',2),(288,'EOF-0004','OFC-0043',3),(289,'EOF-0004','OFC-0044',6),(290,'EOF-0004','OFC-0045',2),(291,'EOF-0004','OFC-0046',3),(292,'EOF-0004','OFC-0047',1),(293,'EOF-0004','OFC-0048',2),(294,'EOF-0004','OFC-0049',1),(295,'EOF-0004','OFC-0050',56),(296,'EOF-0004','OFC-0051',40),(297,'EOF-0004','OFC-0052',25),(298,'EOF-0004','OFC-0053',14),(299,'EOF-0004','OFC-0054',23),(300,'EOF-0005','OFC-0055',14),(301,'EOF-0005','OFC-0056',23),(302,'EOF-0005','OFC-0057',1),(303,'EOF-0005','OFC-0058',7),(304,'EOF-0005','OFC-0059',3),(305,'EOF-0005','OFC-0060',1),(306,'EOF-0005','OFC-0061',12),(307,'EOF-0005','OFC-0062',3),(308,'EOF-0005','OFC-0063',9),(309,'EOF-0005','OFC-0064',55),(310,'EOF-0005','OFC-0065',14),(311,'EOF-0005','OFC-0066',16),(312,'EOF-0005','OFC-0067',1),(313,'EOF-0005','OFC-0068',1),(314,'EOF-0005','OFC-0069',19),(315,'EOF-0005','OFC-0070',11),(316,'EOF-0005','OFC-0071',25),(317,'EOF-0005','OFC-0072',9),(318,'EOF-0005','OFC-0073',3),(319,'EOF-0005','OFC-0074',1),(320,'EOF-0005','OFC-0075',1),(321,'EOF-0005','OFC-0076',4),(322,'EOF-0005','OFC-0077',4),(323,'EOF-0005','OFC-0078',17),(324,'EOF-0005','OFC-0079',65),(325,'EOF-0005','OFC-0080',3),(326,'EOF-0005','OFC-0081',87),(327,'EOF-0005','OFC-0082',60),(328,'EOF-0006','OFC-0083',2),(329,'EOF-0006','OFC-0084',1),(330,'EOF-0006','OFC-0085',4),(331,'EOF-0007','OFC-0086',14),(332,'EOF-0007','OFC-0087',6),(333,'EOF-0007','OFC-0088',14),(334,'EOF-0007','OFC-0089',13),(335,'EOF-0007','OFC-0090',37),(337,'EOF-0007','OFC-0092',114),(338,'EOF-0007','OFC-0093',7),(339,'EOF-0007','OFC-0094',5),(340,'EOF-0007','OFC-0095',21),(341,'EOF-0007','OFC-0096',232),(342,'EOF-0007','OFC-0097',10),(343,'EOF-0007','OFC-0098',252),(344,'EOF-0007','OFC-0099',13),(345,'EOF-0007','OFC-0100',7),(346,'EOF-0007','OFC-0101',162),(347,'EOF-0007','OFC-0102',6),(348,'EOF-0007','OFC-0103',400),(349,'EOF-0007','OFC-0104',2),(350,'EOF-0007','OFC-0105',6),(351,'EOF-0007','OFC-0106',31),(352,'EOF-0007','OFC-0107',3),(353,'EOF-0007','OFC-0108',12),(354,'EOF-0007','OFC-0109',3),(355,'EOF-0007','OFC-0110',2),(356,'EOF-0007','OFC-0111',2),(357,'EOF-0007','OFC-0112',1),(358,'EOF-0007','OFC-0113',3),(359,'EOF-0007','OFC-0114',1),(360,'EOF-0007','OFC-0115',100),(361,'EOF-0007','OFC-0116',16),(362,'EOF-0007','OFC-0117',7),(363,'EOF-0007','OFC-0118',10),(364,'EOF-0008','OFC-0119',24),(365,'EOF-0009','OFC-0120',7),(366,'EOF-0010','OFC-0121',496),(367,'EOF-0011','OFC-0122',21),(368,'EOF-0012','OFC-0056',27),(369,'EOF-0013','OFC-0119',7),(370,'EOF-0014','OFC-0129',288),(371,'EOF-0015','OFC-0130',27),(372,'EOF-0015','OFC-0131',4),(373,'EOF-0016','OFC-0131',10),(374,'EOF-0016','OFC-0130',16);
/*!40000 ALTER TABLE `aux_entradas_inventario` ENABLE KEYS */;
UNLOCK TABLES;

--
-- Table structure for table `aux_entradas_medicinas`
--

DROP TABLE IF EXISTS `aux_entradas_medicinas`;
/*!40101 SET @saved_cs_client     = @@character_set_client */;
/*!50503 SET character_set_client = utf8mb4 */;
CREATE TABLE `aux_entradas_medicinas` (
  `id` int NOT NULL AUTO_INCREMENT,
  `id_entrada` varchar(15) COLLATE utf8mb4_general_ci NOT NULL,
  `id_medicina` varchar(15) COLLATE utf8mb4_general_ci NOT NULL,
  `cantidad` int NOT NULL,
  PRIMARY KEY (`id`),
  KEY `id_entrada` (`id_entrada`),
  KEY `id_medicina` (`id_medicina`),
  CONSTRAINT `aux_entradas_medicinas_ibfk_1` FOREIGN KEY (`id_entrada`) REFERENCES `entradas_medicinas` (`id_entrada`) ON DELETE CASCADE ON UPDATE CASCADE,
  CONSTRAINT `aux_entradas_medicinas_ibfk_2` FOREIGN KEY (`id_medicina`) REFERENCES `medicinas` (`id_medicina`) ON DELETE CASCADE ON UPDATE CASCADE
) ENGINE=InnoDB AUTO_INCREMENT=136 DEFAULT CHARSET=utf8mb4 COLLATE=utf8mb4_general_ci;
/*!40101 SET character_set_client = @saved_cs_client */;

--
-- Dumping data for table `aux_entradas_medicinas`
--

LOCK TABLES `aux_entradas_medicinas` WRITE;
/*!40000 ALTER TABLE `aux_entradas_medicinas` DISABLE KEYS */;
/*!40000 ALTER TABLE `aux_entradas_medicinas` ENABLE KEYS */;
UNLOCK TABLES;

--
-- Table structure for table `aux_salidas_inventario`
--

DROP TABLE IF EXISTS `aux_salidas_inventario`;
/*!40101 SET @saved_cs_client     = @@character_set_client */;
/*!50503 SET character_set_client = utf8mb4 */;
CREATE TABLE `aux_salidas_inventario` (
  `id` int NOT NULL AUTO_INCREMENT,
  `id_salida` varchar(15) COLLATE utf8mb4_general_ci NOT NULL,
  `id_articulo` varchar(15) COLLATE utf8mb4_general_ci NOT NULL,
  `cantidad` int NOT NULL,
  `tipo_articulo` varchar(80) COLLATE utf8mb4_general_ci DEFAULT 'comun',
  PRIMARY KEY (`id`),
  KEY `id_articulo` (`id_articulo`),
  KEY `id_salida` (`id_salida`)
) ENGINE=InnoDB AUTO_INCREMENT=517 DEFAULT CHARSET=utf8mb4 COLLATE=utf8mb4_general_ci;
/*!40101 SET character_set_client = @saved_cs_client */;

--
-- Dumping data for table `aux_salidas_inventario`
--

LOCK TABLES `aux_salidas_inventario` WRITE;
/*!40000 ALTER TABLE `aux_salidas_inventario` DISABLE KEYS */;
INSERT INTO `aux_salidas_inventario` VALUES (356,'SOF-0001','OFC-0120',3,'comun'),(359,'SOF-0003','OFC-0120',1,'comun'),(373,'SOF-0007','OFC-0111',2,'comun'),(381,'SOF-0005','OFC-0050',4,'comun'),(382,'SOF-0005','OFC-0056',2,'comun'),(383,'SOF-0005','OFC-0065',2,'comun'),(384,'SOF-0005','OFC-0090',2,'comun'),(385,'SOF-0005','OFC-0096',100,'comun'),(386,'SOF-0005','OFC-0098',100,'comun'),(387,'SOF-0005','OFC-0101',100,'comun'),(388,'SOF-0005','OFC-0121',100,'comun'),(389,'SOF-0006','OFC-0119',2,'comun'),(392,'SOF-0010','OFC-0056',1,'comun'),(393,'SOF-0012','OFC-0120',1,'comun'),(394,'SOF-0013','OFC-0122',6,'comun'),(396,'SOF-0014','OFC-0056',1,'comun'),(397,'SOF-0015','OFC-0056',1,'comun'),(398,'SOF-0015','OFC-0090',1,'comun'),(401,'SOF-0017','OFC-0090',1,'comun'),(402,'SOF-0019','OFC-0119',1,'comun'),(403,'SOF-0022','OFC-0119',3,'comun'),(404,'SOF-0025','OFC-0119',3,'comun'),(405,'SOF-0027','OFC-0055',1,'comun'),(406,'SOF-0028','OFC-0119',2,'comun'),(408,'SOF-0032','OFC-0119',3,'comun'),(409,'SOF-0031','OFC-0119',2,'comun'),(410,'SOF-0034','OFC-0056',1,'comun'),(411,'SOF-0037','OFC-0079',60,'comun'),(412,'SOF-0038','OFC-0056',1,'comun'),(441,'SOF-0041','OFC-0122',1,'comun'),(442,'SOF-0041','OFC-0056',2,'comun'),(443,'SOF-0042','OFC-0056',1,'comun'),(444,'SOF-0043','OFC-0058',1,'comun'),(445,'SOF-0044','OFC-0119',1,'comun'),(459,'SOF-0039','OFC-0056',1,'comun'),(460,'SOF-0039','OFC-0066',1,'comun'),(461,'SOF-0039','OFC-0090',3,'comun'),(462,'SOF-0039','OFC-0096',50,'comun'),(463,'SOF-0039','OFC-0098',50,'comun'),(464,'SOF-0039','OFC-0121',50,'comun'),(465,'SOF-0039','OFC-0101',50,'comun'),(466,'SOF-0016','OFC-0118',5,'comun'),(467,'SOF-0046','OFC-0056',1,'comun'),(469,'SOF-0047','OFC-0090',2,'comun'),(490,'SOF-0049','OFC-0056',2,'comun'),(491,'SOF-0049','OFC-0065',1,'comun'),(492,'SOF-0049','OFC-0066',1,'comun'),(493,'SOF-0049','OFC-0073',1,'comun'),(494,'SOF-0049','OFC-0079',2,'comun'),(495,'SOF-0049','OFC-0081',1,'comun'),(496,'SOF-0050','OFC-0090',1,'comun'),(497,'SOF-0057','OFC-0056',2,'comun'),(498,'SOF-0057','OFC-0066',1,'comun'),(499,'SOF-0057','OFC-0081',1,'comun'),(500,'SOF-0057','OFC-0068',1,'comun'),(501,'SOF-0062','OFC-0060',1,'comun'),(502,'SOF-0068','OFC-0119',2,'comun'),(507,'SOF-0071','OFC-0130',2,'comun'),(508,'SOF-0071','OFC-0131',1,'comun'),(510,'SOF-0074','OFC-0056',1,'comun'),(514,'SOF-0077','OFC-0004',2,'comun'),(515,'SOF-0078','OFC-0092',114,'comun'),(516,'SOF-0079','OFC-0119',1,'comun');
/*!40000 ALTER TABLE `aux_salidas_inventario` ENABLE KEYS */;
UNLOCK TABLES;

--
-- Table structure for table `aux_salidas_medicinas`
--

DROP TABLE IF EXISTS `aux_salidas_medicinas`;
/*!40101 SET @saved_cs_client     = @@character_set_client */;
/*!50503 SET character_set_client = utf8mb4 */;
CREATE TABLE `aux_salidas_medicinas` (
  `id` int NOT NULL AUTO_INCREMENT,
  `id_salida` varchar(15) COLLATE utf8mb4_general_ci NOT NULL,
  `id_medicina` varchar(15) COLLATE utf8mb4_general_ci NOT NULL,
  `cantidad` int NOT NULL,
  PRIMARY KEY (`id`)
) ENGINE=InnoDB AUTO_INCREMENT=31 DEFAULT CHARSET=utf8mb4 COLLATE=utf8mb4_general_ci;
/*!40101 SET character_set_client = @saved_cs_client */;

--
-- Dumping data for table `aux_salidas_medicinas`
--

LOCK TABLES `aux_salidas_medicinas` WRITE;
/*!40000 ALTER TABLE `aux_salidas_medicinas` DISABLE KEYS */;
/*!40000 ALTER TABLE `aux_salidas_medicinas` ENABLE KEYS */;
UNLOCK TABLES;

--
-- Table structure for table `bombas_entregadas`
--

DROP TABLE IF EXISTS `bombas_entregadas`;
/*!40101 SET @saved_cs_client     = @@character_set_client */;
/*!50503 SET character_set_client = utf8mb4 */;
CREATE TABLE `bombas_entregadas` (
  `ID` int NOT NULL AUTO_INCREMENT,
  `sector` varchar(35) COLLATE utf8mb4_general_ci NOT NULL,
  `fecha` date NOT NULL,
  `solicitado` varchar(50) COLLATE utf8mb4_general_ci NOT NULL,
  `cantidad` int NOT NULL,
  `fuerza` varchar(10) COLLATE utf8mb4_general_ci NOT NULL,
  `tipo` varchar(20) COLLATE utf8mb4_general_ci NOT NULL,
  `voltios` varchar(10) COLLATE utf8mb4_general_ci NOT NULL,
  `municipio` varchar(25) COLLATE utf8mb4_general_ci NOT NULL,
  `parroquia` varchar(35) COLLATE utf8mb4_general_ci NOT NULL,
  PRIMARY KEY (`ID`),
  KEY `cod_sector` (`sector`)
) ENGINE=InnoDB AUTO_INCREMENT=236 DEFAULT CHARSET=utf8mb4 COLLATE=utf8mb4_general_ci;
/*!40101 SET character_set_client = @saved_cs_client */;

--
-- Dumping data for table `bombas_entregadas`
--

LOCK TABLES `bombas_entregadas` WRITE;
/*!40000 ALTER TABLE `bombas_entregadas` DISABLE KEYS */;
INSERT INTO `bombas_entregadas` VALUES (1,'UVERITO','2024-01-27','ALCALDE DE SOTILLO',1,'15 HP','TRIFASICO','220 V','SOTILLO','BARRANCAS'),(2,'CAICARITA','2024-02-01','ALCALDE DE CEDEÑO',1,'7.5 HP','TRIFASICO','220','CEDEÑO','AREO'),(3,'BAJO GRANDE','2024-02-01','ALCALDE DE CEDEÑO',1,'7.5 HP','TRIFASICO','220','CEDEÑO','AREO'),(4,'LAS MALVINAS','2024-02-07','GESTION PUBLICA',1,'15 HP','TRIFASICO','220','MATURIN','LA PICA'),(5,'EL PARQUESITO','2024-02-07','GESTION PUBLICA',1,'15 HP','TRIFASICO','220','MATURIN','LAS COCUIZAS'),(6,'EL CHAIMA (CASCO CENTRAL)','2024-02-07','GESTION PUBLICA',1,'5.5 HP','TRIFASICO','220','AGUASAY','AGUASAY'),(7,'LAS CASABERAS DE ARIBI','2024-02-07','GESTION PUBLICA',1,'5.5 HP','TRIFASICO','220','AGUASAY','AGUASAY'),(8,'IGLESIS POZO PRINCIPAL','2024-02-07','GESTION PUBLICA',1,'5.5 HP','TRIFASICO','220','AGUASAY','AGUASAY'),(9,'EL MOSCU (COM.INDIGENA)','2024-02-07','GESTION PUBLICA',1,'3 HP','MONOFASICO','220','BOLIVAR','CARIPITO'),(10,'MOSCÚ','2024-02-09','ALCALDE DE SOTILLO',1,'3 HP','MONOFASICO','230','SOTILLO','BARRANCAS'),(11,'VIRGEN DEL VALLE','2024-02-09','ALCALDE DE SOTILLO',1,'3 HP','MONOFASICO','230','SOTILLO','BARRANCAS'),(12,'ESC. EDUARDO TURMERO','2024-02-22','GESTION PUBLICA',1,'15 HP','TRIFASICO','220','MATURIN','ALTO DE LOS GODOS'),(13,'FUNDEMOS I','2024-02-22','GESTION PUBLICA',1,'15 HP','TRIFASICO','220','MATURIN','ALTO DE LOS GODOS'),(14,'VALLE VERDE','2024-02-22','GESTION PUBLICA',1,'15 HP','TRIFASICO','220','CARIPE','CARIPE'),(15,'HOSPITAL SERRES','2024-02-22','GESTION PUBLICA',1,'20 HP','TRIFASICO','220','MATURIN','LAS COCUIZAS'),(16,'CASCO CENTRAL','2024-02-27','GESTION PUBLICA',1,'20 HP','TRIFASICO','220','MATURIN','SAN VICENTE'),(17,'LOS BAJOS DEL FURRIAL','2024-02-27','GESTION PUBLICA',1,'20 HP','TRIFASICO','220','MATURIN','EL FURRIAL'),(18,'MONTE VERDE (LA FELICIDAD)','2024-02-27','GESTION PUBLICA',1,'20 HP','TRIFASICO','220','MATURIN','EL FURRIAL'),(19,'CAÑADA DE LA PUENTE','2024-02-27','GESTION PUBLICA',1,'15 HP','TRIFASICO','220','MATURIN','ALTO DE LOS GODOS'),(20,'JUANA RAMIREZ','2024-02-27','GESTION PUBLICA',1,'15 HP','TRIFASICO','220','MATURIN','BOQUERON'),(21,'COMPLEJO HABITACIONAL PARAMACONI','2024-02-27','GESTION PUBLICA',1,'20 HP','TRIFASICO','220','MATURIN','ALTO DE LOS GODOS'),(22,'GUANAGUANEY','2024-02-27','GESTION PUBLICA',1,'10 HP','TRIFASICO','220','MATURIN','SANTA CRUZ'),(23,'TIPURO II ZONA RURAL','2024-02-27','GESTION PUBLICA',1,'7.5 HP','TRIFASICO','220','MATURIN','BOQUERON'),(24,'LICEO FELIX ANGEL LOZADA','2024-02-27','GESTION PUBLICA',1,'5 HP','TRIFASICO','220','MATURIN','LA PICA'),(25,'PABLO NERUDA','2024-02-27','GESTION PUBLICA',1,'5 HP','TRIFASICO','220','MATURIN','LAS COCUIZAS'),(26,'CENTRO NEFROLOGICO','2024-02-27','GESTION PUBLICA',1,'2 HP','MONOFASICO','110','MATURIN','SAN SIMON'),(27,'HOSPITAL DOÑA FELICIA RONDON','2024-02-27','GESTION PUBLICA',1,'2 HP','MONOFASICO','110','MATURIN','EL FURRIAL'),(28,'PUNTA DE MATA','2024-02-28','GOBERNADOR DEL ESTADO',1,'15 HP','TRIFASICO','220','EZEQUIEL ZAMORA','PUNTA DE MATA'),(29,'LA PAZ','2024-03-09','GESTION PUBLICA',1,'7.5 HP','TRIFASICO','220','MATURIN','EL FURRIAL'),(30,'SAN JOSÉ DE LA CEIBA','2024-03-09','GESTION PUBLICA',1,'10 HP','TRIFASICO','220','MATURIN','EL FURRIAL'),(31,'CASCO CENTRAL','2024-03-09','1X10 DEL BUEN GOBIERNO',1,'15 HP','TRIFASICO','220','AGUASAY','AGUASAY'),(32,'CABO BLANCO','2024-03-09','1X10 DEL BUEN GOBIERNO',1,'15 HP','TRIFASICO','220','AGUASAY','AGUASAY'),(33,'LA INGLESA','2024-03-09','1X10 DEL BUEN GOBIERNO',1,'15 HP','TRIFASICO','220','AGUASAY','AGUASAY'),(34,'LA MARINERA','2024-03-09','1X10 DEL BUEN GOBIERNO',1,'15 HP','TRIFASICO','220','AGUASAY','AGUASAY'),(35,'EL MAJOMO','2024-03-09','1X10 DEL BUEN GOBIERNO',1,'15 HP','TRIFASICO','220','AGUASAY','AGUASAY'),(36,'MEREYAL','2024-03-09','1X10 DEL BUEN GOBIERNO',1,'5 HP','TRIFASICO','220','AGUASAY','AGUASAY'),(37,'LA CANDELARIA','2024-03-14','GESTION PUBLICA',1,'15 HP','TRIFASICO','220','MATURIN','EL FURRIAL'),(38,'ALTAMIRA (el cenizo)','2024-03-14','GESTION PUBLICA',1,'5 HP','TRIFASICO','220','MATURIN','SAN SIMON'),(39,'LA LAGUNITA','2024-03-15','GESTION PUBLICA',1,'7.5 HP','TRIFASICO','220','SANTA BARBARA','SANTA BARBARA DE TAPIRIN'),(40,'CASCO CENTRAL','2024-03-15','GESTION PUBLICA',1,'20 HP','TRIFASICO','220','URACOA','URACOA'),(41,'SIMON BOLIVAR','2024-03-15','GESTION PUBLICA',1,'15 HP','TRIFASICO','220','SOTILLO','BARRANCAS'),(42,'BRISAS DEL ORINOCO','2024-03-15','GESTION PUBLICA',1,'15 HP','TRIFASICO','220','SOTILLO','BARRANCAS'),(43,'ESTACION BARRANCO I','2024-03-15','GESTION PUBLICA',1,'15 HP','TRIFASICO','220','SOTILLO','BARRANCAS'),(44,'ESTACION INAVI','2024-03-15','GESTION PUBLICA',1,'15 HP','TRIFASICO','220','SOTILLO','BARRANCAS'),(45,'LOS CAOBOS','2024-03-15','GESTION PUBLICA',1,'7.5 HP','TRIFASICO','220','MATURIN','SAN VICENTE'),(46,'URB. BELLA VISTA','2024-03-15','GESTION PUBLICA',1,'10 HP','TRIFASICO','220','MATURIN','ALTO DE LOS GODOS'),(47,'ZAMURO AFUERA','2024-03-15','GESTION PUBLICA',1,'10 HP','TRIFASICO','220','MATURIN','BOQUERON'),(48,'LOMAS DE PARARI','2024-03-23','GESTION PUBLICA',1,'7.5 HP','TRIFASICO','220 V','MATURIN','LA PICA'),(49,'BAJO GRANDE','2024-03-23','GESTION PUBLICA',1,'7.5 HP','TRIFASICO','220 V','CEDEÑO','CEDEÑO'),(50,'ROMULO BETANCOURT (MOSCU)','2024-03-23','GESTION PUBLICA',1,'15 HP','TRIFASICO','220 V','MATURIN','ALTO DE LOS GODOS'),(51,'ZAMURO ADENTRO','2024-03-26','GESTION PUBLICA',1,'20 HP','TRIFASICO','220','MATURIN','BOQUERON'),(52,'CIUDAD CARIBE','2024-03-20','GESTION PUBLICA',1,'5 HP','MONOFASICO','220 V','MATURIN','SAN SIMON'),(53,'MORON','2024-03-20','GESTION PUBLICA',1,'20 HP','TRIFASICO','220 V','SANTA BARBARA','MORON'),(54,'CURIEPE','2024-03-26','GESTION PUBLICA',1,'20 HP','TRIFASICO','220 V','MATURIN','SAN SIMON'),(55,'CEMENTERIO DE LA CRUZ CALLE ALBORAD','2024-03-26','GESTION PUBLICA',1,'20 HP','TRIFASICO','220 V','MATURIN','LA CRUZ'),(56,'LA PUENTE II','2024-03-26','GESTION PUBLICA',1,'20 HP','TRIFASICO','220 V','MATURIN','ALTO DE LOS GODOS'),(57,'CARUTO I','2024-03-26','GESTION PUBLICA',1,'7.5 HP','TRIFASICO','220 V','MATURIN','SAN SIMON'),(58,'LOS COROCITOS','2024-03-26','GESTION PUBLICA',1,'7.5 HP','TRIFASICO','220 V','MATURIN','SAN SIMON'),(59,'ACEITES DE GUANIPA','2024-03-26','GESTION PUBLICA',1,'7.5 HP','TRIFASICO','220 V','MATURIN','SAN SIMON'),(60,'EL PUJIO DE AMANA','2024-03-26','GESTION PUBLICA',1,'5.5 HP','TRIFASICO','220 V','MATURIN','SAN SIMON'),(61,'BRISAS BOLIVARIANAS MERECURE','2024-03-26','GESTION PUBLICA',1,'5.5 HP','TRIFASICO','220 V','MATURIN','SAN SIMON'),(62,'ESCUELA HEROES DE AYACUCHO','2024-03-26','GESTION PUBLICA',1,'5.5 HP','TRIFASICO','220 V','MATURIN','ALTO DE LOS GODOS'),(63,'AMANA DE TAMARINDO LA PLAZA','2024-03-26','GESTION PUBLICA',1,'5 HP','MONOFASICO','220 V','MATURIN','SAN SIMON'),(64,'PERICOCO DE ARIBI','2024-03-26','GESTION PUBLICA',1,'5 HP','MONOFASICO','220 V','MATURIN','SAN SIMON'),(65,'LAS CAROLINAS POZO I','2024-04-03','GESTION PUBLICA',2,'15 HP','TRIFASICO','220 V','MATURIN','SANTA CRUZ'),(66,'LA LAGUNITA DE LA PUENTE','2024-04-03','GESTION PUBLICA',1,'15 HP','TRIFASICO','220 V','MATURIN','ALTO DE LOS GODOS'),(67,'EL MACO CALLEJON SAN LUIS','2024-04-03','GESTION PUBLICA',1,'10 HP','TRIFASICO','220 V','MATURIN','ALTO DE LOS GODOS'),(68,'LOS CAPACHOS','2024-04-03','GESTION PUBLICA',1,'10 HP','TRIFASICO','220 V','MATURIN','LAS COCUIZAS'),(69,'EL BARRIL SECTOR LA GUACHARACA','2024-04-03','GESTION PUBLICA',1,'10 HP','TRIFASICO','220 V','MATURIN','LA PICA'),(70,'SAN ANDRES DE LA VEGA','2024-04-03','GESTION PUBLICA',1,'7.5 HP','TRIFASICO','220 V','MATURIN','SAN VICENTE'),(71,'PASO NUEVO','2024-04-05','GESTION PUBLICA',1,'7.5 HP','TRIFASICO','220 V','URACOA','URACOA'),(72,'SAN CARLOS','2024-04-05','GESTION PUBLICA',1,'7.5 HP','TRIFASICO','220 V','URACOA','URACOA'),(73,'PARAISO DE GUARA','2024-04-05','GESTION PUBLICA',1,'5 HP','TRIFASICO','220 V','URACOA','URACOA'),(74,'PASO NUEVO','2024-04-05','GESTION PUBLICA',1,'2 HP','MONOFASICO','220 V','URACOA','URACOA'),(75,'ESCUELA FANNY SAN AGUSTIN','2024-04-05','GESTION PUBLICA',1,'5.5 HP','TRIFASICO','220 V','MATURIN','LA PICA'),(76,'URB. BELLO CAMPO CALLE H #17','2024-04-05','ALCALDESA ANA FUENTES 1X10',1,'7.5 HP','TRIFASICO','220 V','MATURIN','BOQUERON'),(77,'GUANAGUANAY BLOQUE 4 APTO 12','2024-04-05','ALCALDESA ANA FUENTES 1X10',2,'7.5 HP','TRIFASICO','220 V','MATURIN','SANTA CRUZ'),(78,'GUANAGUANAY APTO 2','2024-04-05','ALCALDESA ANA FUENTES 1X10',1,'7.5 HP','TRIFASICO','220 V','MATURIN','SANTA CRUZ'),(79,'VEREDA 47 GUARITOS 3','2024-04-05','ALCALDESA ANA FUENTES 1X10',1,'7.5 HP','TRIFASICO','220 V','MATURIN','ALTO DE LOS GODOS'),(80,'CULANTRILLAR (SANTA ROSALIA)','2024-04-12','1X10 DEL BUEN GOBIERNO',1,'75 HP','TRIFASICO','440 V','ACOSTA','SAN ANTONIO DE MATURIN'),(81,'EL HORNO (SANTA ROSALIA)','2024-04-12','1X10 DEL BUEN GOBIERNO',1,'75 HP','TRIFASICO','440 V','ACOSTA','SAN ANTONIO DE MATURIN'),(82,'EZEQUIEL ZAMORA','2024-04-15','GESTION PUBLICA',1,'7.5 HP','TRIFASICO','220 V','EZEQUIEL ZAMORA',''),(83,'ANZOATEGUI','2024-04-22','GESTION PUBLICA',1,'20 HP','TRIFASICO','220 V','',''),(84,'VILLA HEROICA NORTE','2024-04-22','GESTION PUBLICA',1,'15 HP','TRIFASICO','220 V','MATURIN','ALTO DE LOS GODOS'),(85,'BOQUERON DE AMANA','2024-04-22','GESTION PUBLICA',1,'15 HP','TRIFASICO','220 V','MATURIN','SAN SIMON'),(86,'LA PRADERA','2024-04-22','GESTION PUBLICA',1,'15 HP','TRIFASICO','220 V','MATURIN','ALTO DE LOS GODOS'),(87,'CALLE 6 DEL SILENCIO CAMPO ALEGRE','2024-04-22','GESTION PUBLICA',1,'15 HP','TRIFASICO','110 V','MATURIN','LAS COCUIZAS'),(88,'FEDERICO HANDS','2024-04-22','GESTION PUBLICA',1,'15 HP','TRIFASICO','220 V','MATURIN','LAS COCUIZAS'),(89,'RIO GRANDE','2024-04-22','GESTION PUBLICA',1,'10 HP','TRIFASICO','220 V','BOLIVAR','CARIPITO'),(90,'CARIPITO','2024-04-26','GESTION PUBLICA',1,'5 HP','TRIFASICO','220 V','BOLIVAR','CARIPITO'),(91,'VIENTO FRESCO','2024-04-30','GESTION PUBLICA',1,'10 HP HP','TRIFASICO','220 V','CEDEÑO','VIENTO FRESCO'),(92,'LOMAS DEL BOSQUE','2024-05-14','GESTION PUBLICA',1,'10 HP','TRIFASICO','220 V','MATURIN','BOQUERON'),(93,'LAS MARIAS POZO I','2024-06-06','GESTION PUBLICA',1,'15 HP','TRIFASICO','220 V','MATURIN','LA CRUZ'),(94,'BRISAS DE LA CASCADA','2024-06-06','GESTION PUBLICA',1,'15 HP','TRIFASICO','220 V','MATURIN','ALTO DE LOS GODOS'),(95,'SIMON RODRIGUEZ POZO I','2024-06-06','GESTION PUBLICA',1,'5.5 HP','TRIFASICO','220 V','MATURIN','LAS COCUIZAS'),(96,'SIMON RODRIGUEZ POZO II','2024-06-06','GESTION PUBLICA',1,'15 HP','TRIFASICO','220 V','MATURIN','LAS COCUIZAS'),(97,'MONTE LIBANO','2024-06-07','GESTION PUBLICA',1,'15 HP','TRIFASICO','220 V','SANTA BARBARA','SANTA BARBARA'),(98,'LAS VIVIENDAS MANGOZAL','2024-06-07','GESTION PUBLICA',1,'15 HP','TRIFASICO','220 V','PIAR','LA TOSCANA'),(99,'FRAY CASIMIRO','2024-06-07','GESTION PUBLICA',1,'20 HP','TRIFASICO','220 V','SANTA BARBARA','SANTA BARBARA'),(100,'MIGUEL HERNANDEZ URRIETA','2024-06-07','GESTION PUBLICA',1,'30 HP','TRIFASICO','440 V','ACOSTA','SAN ANTONIO DE MATURIN'),(101,'REBOMBEO TOSCANA','2024-06-08','GESTION PUBLICA',1,'20 HP','TRIFASICO','220 V','PIAR','TOSCANA'),(102,'GASMACA','2024-06-08','GESTION PUBLICA',1,'5.5 HP','TRIFASICO','220 V','MATURIN',''),(103,'EL PI¥AL TERRAZAS DEL OESTE','2024-06-17','GESTION PUBLICA',1,'15 HP','TRIFASICO','220 V','MATURIN','ALTO DE LOS GODOS'),(104,'AGUASAY','2024-06-17','GESTION PUBLICA',1,'7.5 HP','TRIFASICO','220 V','AGUASAY','EL CARO'),(105,'LA ORCHILA','2024-06-22','GESTION PUBLICA',1,'30 HP','TRIFASICO','440 V','EZEQUIEL ZAMORA','PUNTA DE MATA'),(106,'EL TEJERO','2024-06-22','GESTION PUBLICA',1,'30 HP','TRIFASICO','440 V','EZEQUIEL ZAMORA','PUNTA DE MATA'),(107,'PALACIO DE JUSTICIA','2024-06-22','GESTION PUBLICA',1,'10 HP','TRIFASICO','220 V','MATURIN','BOQUERON'),(108,'LAS PARCELAS','2024-06-22','GESTION PUBLICA',1,'10 HP','TRIFASICO','220 V','BOLIVAR','CARIPITO'),(109,'LA PUENTE I','2024-06-22','GESTION PUBLICA',1,'20 HP','TRIFASICO','220 V','MATURIN','ALTO DE LOS GODOS'),(110,'ACEITES DE GUANIPA','2024-06-22','GESTION PUBLICA',1,'7.5 HP','TRIFASICO','220 V','MATURIN','SAN SIMON'),(111,'EL PUJIO DE AMANA','2024-06-22','GESTION PUBLICA',1,'5.5 HP','TRIFASICO','220 V','MATURIN','SAN SIMON'),(112,'ESC. HEROES DE AYACUCHO','2024-06-22','GESTION PUBLICA',1,'15 HP','TRIFASICO','220 V','MATURIN','ALTO DE LOS GODOS'),(113,'EL PINTO','2024-06-22','GESTION PUBLICA',1,'25 HP','TRIFASICO','440 V','PIAR','EL PINTO'),(115,'EL PROGRESO DE LA HORMIGA','2024-07-08','GESTION PUBLICA',1,'10 HP','TRIFASICO','220 V','MATURIN','LA PICA'),(116,'HOSPITAL JOSE ANTONIO SERRES','2024-07-08','GESTION PUBLICA',1,'20 HP','TRIFASICO','220 V','MATURIN','LAS COCUIZAS'),(117,'NAZARENO 1-B','2024-07-08','GESTION PUBLICA',1,'10 HP','TRIFASICO','220 V','MATURIN','LAS COCUIZAS'),(118,'PLANTA POTABILIZADORA','2024-07-08','GESTION PUBLICA',1,'7.5 HP','TRIFASICO','220 V','PIAR','EL PINTO'),(154,'LA VICTORIA','2024-07-08','GESTION PUBLICA',1,'20 HP','TRIFASICO','220 V','MATURIN','LA CRUZ'),(162,'LIBERTAD III','2024-06-14','GESTION PUBLICA',1,'15 HP','TRIFASICO','220 V','MATURIN','ALTO DE LOS GODOS'),(163,'LIRIOS DEL ESTE','2024-06-14','GESTION PUBLICA',1,'5 HP','TRIFASICO','220 V','MATURIN','BOQUERON'),(164,'PARAMACONI IV','2024-06-14','GESTION PUBLICA',1,'10 HP','TRIFASICO','220 V','MATURIN','ALTO DE LOS GODOS'),(165,'U. P. E LIBERTADOR','2024-06-14','GESTION PUBLICA',1,'15 HP','TRIFASICO','220 V','MATURIN','SAN SIMON'),(166,'ESCUELA TECNICA','2024-06-14','GESTION PUBLICA',1,'3 HP','TRIFASICO','220 V','BOLÍVAR','CARIPITO'),(167,'LOS MORROS','2024-06-14','GESTION PUBLICA',1,'15 HP','TRIFASICO','220 V','BOLÍVAR','CARIPITO'),(168,'EL BARRIL','2024-06-14','GESTION PUBLICA',1,'10 HP','TRIFASICO','220 V','MATURIN','LA PICA'),(169,'SIMON BOLIVAR','2024-09-07','GESTION PUBLICA',1,'10 HP','TRIFASICO','220 V','MATURIN','LA CRUZ'),(170,'CARRIZAL DE LA MORROCOYA','2024-09-07','GESTION PUBLICA',1,'10 HP','TRIFASICO','220 V','MATURIN','SAN SIMON'),(171,'PARADERO','2024-09-07','GESTION PUBLICA',1,'10 HP','TRIFASICO','220 V','MATURIN','BOQUERON'),(172,'ESFUERZO','2024-09-07','GESTION PUBLICA',1,'10 HP','TRIFASICO','220 V','MATURIN','BOQUERON'),(173,'PARARICITO','2024-09-07','GESTION PUBLICA',1,'10 HP','TRIFASICO','220 V','MATURIN','LAS COCUIZAS'),(174,'LIBERTADOR','2024-09-07','GESTION PUBLICA',1,'15 HP','TRIFASICO','220 V','MATURIN','ALTO DE LOS GODOS'),(175,'JOSE TADEO MONAGAS','2024-09-17','GESTION PUBLICA',1,'20 HP','TRIFASICO','220 V','MATURIN','ALTO DE LOS GODOS'),(176,'EL PROGRESO','2024-09-17','GESTION PUBLICA',1,'15 HP','TRIFASICO','220 V','PIAR','CHAGUARAMAL'),(177,'VISTA MORICHAL','2024-09-16','GESTION PUBLICA',1,'10 HP','TRIFASICO','220 V','MATURIN','LAS COCUIZAS'),(178,'PASEO AEROBICO','2024-09-16','GESTION PUBLICA',1,'15 HP','TRIFASICO','220 V','PIAR','LA TOSCANA'),(179,'CUATRO DE FREBRERO','2024-09-16','GESTION PUBLICA',1,'15 HP','TRIFASICO','220 V','MATURIN','LAS COCUIZAS'),(180,'CASAS CHINAS','2024-09-16','GESTION PUBLICA',1,'5.5 HP','TRIFASICO','220 V','MATURIN','ALTO DE LOS GODOS'),(181,'HUGO CHAVEZ','2024-09-16','GESTION PUBLICA',1,'7.5 HP','TRIFASICO','220 V','MATURIN','ALTO DE LOS GODOS'),(182,'LA UNION DE MORICHAL LARGO','2024-09-16','GESTION PUBLICA',1,'7.5 HP','TRIFASICO','220 V','MATURIN','SAN SIMON'),(183,'LA FLORIDA AGUASAY','2024-09-16','GESTION PUBLICA',1,'5 HP','TRIFASICO','220 V','AGUASAY','AGUASAY'),(184,'BRISAS DEL CARO','2024-09-16','GESTION PUBLICA',1,'10 HP','TRIFASICO','220 V','AGUASAY','AGUASAY'),(185,'LA PICA DE ARIBI','2024-09-16','GESTION PUBLICA',1,'3 HP','MONOFASICO','220 V','AGUASAY','AGUASAY'),(186,'VALENZUELA','2024-09-16','GESTION PUBLICA',1,'10 HP','TRIFASICO','220 V','MATURIN','SAN SIMON'),(187,'U.E. MARCO ANTONIO SALUZZO ','2024-10-03','GESTION PUBLICA',1,'3 HP','MONOFASICO','220 V','MATURIN','SAN SIMON'),(188,'ESTACION LAS BRISAS','2024-10-03','GESTION PUBLICA',1,'10 HP','TRIFASICO','220 V','URACOA','URACOA'),(189,'SECTOR LOS JABILLOS','2024-10-03','GESTION PUBLICA',1,'5.5 HP','TRIFASICO','220 V','MATURIN','BOQUERON'),(190,'ESTACION N°3','2024-10-03','GESTION PUBLICA',1,'7.5 HP','TRIFASICO','220 V','MATURIN','LA PICA'),(191,'ALTAMIRA II','2024-10-29','GESTION PUBLICA',1,'10 HP','TRIFASICO','220 V','AGUASAY','AGUASAY'),(192,'INAVI','2024-10-29','GESTION PUBLICA',1,'10 HP','TRIFASICO','220 V','AGUASAY','AGUASAY'),(193,'POLIDEPORTIVO','2024-10-29','GESTION PUBLICA',1,'10 HP','TRIFASICO','220 V','MATURIN','LAS COCUIZAS'),(194,'ALTO CASTRO','2024-10-29','GESTION PUBLICA',1,'7.5 HP','TRIFASICO','220 V','PIAR','LA TOSCANA'),(195,'LA MONTAÑITA','2024-10-29','GESTION PUBLICA',1,'7.5 HP','TRIFASICO','220 V','PIAR','LA TOSCANA'),(196,'PARQUE PADILLA RON','2024-10-29','GESTION PUBLICA',1,'15 HP','TRIFASICO','220 V','MATURIN','LAS COCUIZAS'),(197,'EL ARENAL II','2024-10-29','GESTION PUBLICA',1,'5 HP','MONOFASICO','220 V','AGUASAY','AGUASAY'),(198,'EL RINCON','2024-10-29','GESTION PUBLICA',1,'30 HP','TRIFASICO','220 V','ACOSTA','SAN ANTONIO DE MATURIN'),(199,'ARAGUA','2024-10-29','GESTION PUBLICA',1,'30 HP','TRIFASICO','220 V','PIAR','LA TOSCANA'),(201,'ESCUELA FANNY SAN AGUSTIN','2024-11-19','GESTION PUBLICA',1,'10 HP','TRIFASICO','220 V','MATURIN','LA PICA'),(202,'EL CRUCERO DEL CARO','2024-11-19','GESTION PUBLICA',1,'10 HP','TRIFASICO','220 V','AGUASAY','AGUASAY'),(203,'LAS CAROLINAS POZO 1','2024-11-19','GESTION PUBLICA',1,'20 HP','TRIFASICO','220 V','MATURIN','LA CRUZ'),(204,'URB DEL GOBERNADOR','2024-11-20','GESTION PUBLICA',1,'20 HP','TRIFASICO','220 V','MATURIN','BOQUERON'),(205,'MOSCU','2024-11-27','GESTION PUBLICA',1,'7.5 HP','TRIFASICO','220 V','SOTILLO','BARRANCAS'),(206,'EL CURRUCAY DEL PIÑAL','2024-11-27','GESTION PUBLICA',1,'7.5 HP','TRIFASICO','220 V','AGUASAY','AGUASAY'),(207,'VILLAS JARDIN','2024-11-27','GESTION PUBLICA',1,'10 HP','TRIFASICO','220 V','MATURIN','BOQUERON'),(208,'LOS ALGABORROS','2024-11-27','GESTION PUBLICA',1,'10 HP','TRIFASICO','220 V','SOTILLO','LOS BARRANCOS DE FAJARDO'),(209,'CAMPO UDO','2024-11-27','GESTION PUBLICA',1,'17.5 HP','TRIFASICO','220 V','MATURIN','JUSEPIN'),(210,'VILLA LAS AMERICAS','2024-11-27','GESTION PUBLICA',1,'17.5 HP','TRIFASICO','220 V','MATURIN','ALTO DE LOS GODOS'),(211,'BRISAS DE LA FLORESTA','2024-11-27','GESTION PUBLICA',1,'17.5 HP','TRIFASICO','220 V','MATURIN','LAS COCUIZAS'),(212,'LA DEMOCRACIA','2024-11-27','GESTION PUBLICA',1,'17.5 HP','TRIFASICO','220 V','MATURIN','LAS COCUIZAS'),(213,'NUEVA BARRANCA II','2024-11-27','GESTION PUBLICA',1,'17.5 HP','TRIFASICO','220 V','SOTILLO','BARRANCAS'),(214,'LOS BARRANCOS POZO I','2024-11-27','GESTION PUBLICA',1,'17.5 HP','TRIFASICO','220 V','SOTILLO','BARRANCAS'),(215,'INAVI','2024-11-27','GESTION PUBLICA',1,'20 HP','TRIFASICO','220 V','SOTILLO','BARRANCAS'),(216,'EL RINCON','2024-12-20','GESTION PUBLICA',1,'10 HP','TRIFASICO','220 V','ACOSTA','SAN FRANCISCO DE MATURIN'),(217,'VILLA HEROICA','2024-12-20','GESTION PUBLICA',1,'17.5 HP','TRIFASICO','220 V','MATURIN','SAN SIMON'),(218,'ALI PRIMERA II','2024-12-20','GESTION PUBLICA',1,'17.5 HP','TRIFASICO','220 V','MATURIN','ALTO DE LOS GODOS'),(219,'COLINAS DEL SUR','2024-12-20','GESTION PUBLICA',1,'10 HP','TRIFASICO','220 V','MATURIN','LAS COCUIZAS'),(220,'CASCO CENTRAL','2024-12-20','GESTION PUBLICA',1,'17.5 HP','TRIFASICO','220 V','MATURIN','SAN VICENTE'),(221,'DETRAS DEL COMANDO DE LA GUARDIA','2024-12-20','GESTION PUBLICA',1,'17.5 HP','TRIFASICO','220 V','PIAR','LA TOSCANA'),(222,'CERRO BONITO','2024-12-20','GESTION PUBLICA',1,'17.5 HP','TRIFASICO','220 V','PIAR','TAGUAYA'),(223,'VIRGEN DEL VALLE','2024-12-20','GESTION PUBLICA',1,'17.5 HP','TRIFASICO','220 V','PIAR','LA TOSCANA'),(224,'URB JUANA LA AVANZADORA','2024-12-20','GESTION PUBLICA',1,'17.5 HP','TRIFASICO','220 V','MATURIN','LA CRUZ'),(225,'BRISAS DEL SOL III','2024-12-20','GESTION PUBLICA',1,'17.5 HP','TRIFASICO','220 V','MATURIN','LA CRUZ'),(227,'LA PLENA','2025-01-30','GESTION PUBLICA',1,'17.5 HP','TRIFASICO','220 V','BOLÍVAR','CARIPITO'),(228,'BOQUERON','2025-01-30','GESTION PUBLICA',1,'17.5 HP','TRIFASICO','220 V','CARIPE','CARIPE'),(229,'BRISAS DE AYACUCHO','2025-01-30','GESTION PUBLICA',1,'17.5 HP','TRIFASICO','220 V','MATURIN','JUSEPIN'),(230,'ZAMURO ADENTRO SECTOR LOS GALPONES','2025-01-30','GESTION PUBLICA',1,'15 HP','TRIFASICO','220 V','MATURIN','BOQUERON'),(231,'EL CHISPERO DE MORICHAL LARGO','2025-01-30','GESTION PUBLICA',1,'7.5 HP','TRIFASICO','220 V','MATURIN','SAN SIMON'),(232,'MATA LINDA','2025-01-30','GESTION PUBLICA',1,'7.5 HP','TRIFASICO','220 V','MATURIN','EL FURRIAL'),(233,'SALTO SUR','2025-01-30','GESTION PUBLICA',1,'20 HP','TRIFASICO','220 V','MATURIN','SAN SIMON'),(234,'LA ARBOLEDA','2025-01-30','GESTION PUBLICA',1,'20 HP','TRIFASICO','220 V','EZEQUIEL ZAMORA','PUNTA DE MATA'),(235,'ZAMORA AFUERA POZO I','2025-01-30','GESTION PUBLICA',1,'10 HP','TRIFASICO','220 V','MATURIN','BOQUERON');
/*!40000 ALTER TABLE `bombas_entregadas` ENABLE KEYS */;
UNLOCK TABLES;

--
-- Table structure for table `entradas_inventario`
--

DROP TABLE IF EXISTS `entradas_inventario`;
/*!40101 SET @saved_cs_client     = @@character_set_client */;
/*!50503 SET character_set_client = utf8mb4 */;
CREATE TABLE `entradas_inventario` (
  `id_entrada` varchar(15) COLLATE utf8mb4_general_ci NOT NULL,
  `fecha` date NOT NULL,
  `ubicacion` enum('galpon','oficina') COLLATE utf8mb4_general_ci NOT NULL DEFAULT 'galpon',
  PRIMARY KEY (`id_entrada`)
) ENGINE=InnoDB DEFAULT CHARSET=utf8mb4 COLLATE=utf8mb4_general_ci;
/*!40101 SET character_set_client = @saved_cs_client */;

--
-- Dumping data for table `entradas_inventario`
--

LOCK TABLES `entradas_inventario` WRITE;
/*!40000 ALTER TABLE `entradas_inventario` DISABLE KEYS */;
INSERT INTO `entradas_inventario` VALUES ('EOF-0001','2025-01-20','oficina'),('EOF-0002','2025-01-20','oficina'),('EOF-0003','2025-01-20','oficina'),('EOF-0004','2025-01-20','oficina'),('EOF-0005','2025-01-20','oficina'),('EOF-0006','2025-01-20','oficina'),('EOF-0007','2025-01-20','oficina'),('EOF-0008','2025-01-20','oficina'),('EOF-0009','2025-01-20','oficina'),('EOF-0010','2025-01-20','oficina'),('EOF-0011','2025-01-28','oficina'),('EOF-0012','2025-02-12','oficina'),('EOF-0013','2025-02-13','oficina'),('EOF-0014','2025-02-14','oficina'),('EOF-0015','2025-02-17','oficina'),('EOF-0016','2025-02-17','oficina');
/*!40000 ALTER TABLE `entradas_inventario` ENABLE KEYS */;
UNLOCK TABLES;

--
-- Table structure for table `entradas_medicinas`
--

DROP TABLE IF EXISTS `entradas_medicinas`;
/*!40101 SET @saved_cs_client     = @@character_set_client */;
/*!50503 SET character_set_client = utf8mb4 */;
CREATE TABLE `entradas_medicinas` (
  `id_entrada` varchar(15) COLLATE utf8mb4_general_ci NOT NULL,
  `fecha` date NOT NULL,
  `destino` varchar(100) COLLATE utf8mb4_general_ci NOT NULL,
  PRIMARY KEY (`id_entrada`)
) ENGINE=InnoDB DEFAULT CHARSET=utf8mb4 COLLATE=utf8mb4_general_ci;
/*!40101 SET character_set_client = @saved_cs_client */;

--
-- Dumping data for table `entradas_medicinas`
--

LOCK TABLES `entradas_medicinas` WRITE;
/*!40000 ALTER TABLE `entradas_medicinas` DISABLE KEYS */;
INSERT INTO `entradas_medicinas` VALUES ('EN-0003','2024-10-30','');
/*!40000 ALTER TABLE `entradas_medicinas` ENABLE KEYS */;
UNLOCK TABLES;

--
-- Table structure for table `historial`
--

DROP TABLE IF EXISTS `historial`;
/*!40101 SET @saved_cs_client     = @@character_set_client */;
/*!50503 SET character_set_client = utf8mb4 */;
CREATE TABLE `historial` (
  `id_historial` int NOT NULL AUTO_INCREMENT,
  `id_usuario` int NOT NULL,
  `accion` varchar(15) COLLATE utf8mb4_general_ci NOT NULL,
  `area` varchar(30) COLLATE utf8mb4_general_ci NOT NULL,
  `detalles` text COLLATE utf8mb4_general_ci NOT NULL,
  `hora` time(6) NOT NULL,
  `fecha` date NOT NULL,
  PRIMARY KEY (`id_historial`),
  KEY `hist_a_usuario` (`id_usuario`),
  CONSTRAINT `hist_a_usuario` FOREIGN KEY (`id_usuario`) REFERENCES `usuarios` (`id_usuario`) ON DELETE CASCADE ON UPDATE CASCADE
) ENGINE=InnoDB AUTO_INCREMENT=344 DEFAULT CHARSET=utf8mb4 COLLATE=utf8mb4_general_ci;
/*!40101 SET character_set_client = @saved_cs_client */;

--
-- Dumping data for table `historial`
--

LOCK TABLES `historial` WRITE;
/*!40000 ALTER TABLE `historial` DISABLE KEYS */;
INSERT INTO `historial` VALUES (1,1,'EDICIÓN','FERRETERÍA','SE ACTUALIZÓ 3 UNIDAD DE PANAL PARA NINO EN LA ENTRADA EOF-0002 EL 2025-01-20','15:20:41.000000','2025-01-20'),(2,1,'EDICIÓN','FERRETERÍA','SE ACTUALIZÓ 2 UNIDAD DE SET DE TETERO PARA NINA EN LA ENTRADA EOF-0002 EL 2025-01-20','15:20:41.000000','2025-01-20'),(3,1,'EDICIÓN','FERRETERÍA','SE ACTUALIZÓ 15 UNIDAD DE TETERO INDIVIDUAL EN LA ENTRADA EOF-0002 EL 2025-01-20','15:20:41.000000','2025-01-20'),(4,1,'EDICIÓN','FERRETERÍA','SE ACTUALIZÓ 3 UNIDAD DE CHUPONES EN LA ENTRADA EOF-0002 EL 2025-01-20','15:20:41.000000','2025-01-20'),(5,1,'EDICIÓN','FERRETERÍA','SE ACTUALIZÓ 2 UNIDAD DE LAVATETERO EN LA ENTRADA EOF-0002 EL 2025-01-20','15:20:41.000000','2025-01-20'),(6,1,'EDICIÓN','FERRETERÍA','SE ACTUALIZÓ 10 UNIDAD DE KIT DE HIGIENE PERSONAL EN LA ENTRADA EOF-0002 EL 2025-01-20','15:20:41.000000','2025-01-20'),(7,1,'EDICIÓN','FERRETERÍA','SE ACTUALIZÓ 26 UNIDAD DE CORTA UÑA EN LA ENTRADA EOF-0002 EL 2025-01-20','15:20:41.000000','2025-01-20'),(8,1,'EDICIÓN','FERRETERÍA','SE ACTUALIZÓ 13 UNIDAD DE TALCO PARA BEBE EN LA ENTRADA EOF-0002 EL 2025-01-20','15:20:41.000000','2025-01-20'),(9,1,'EDICIÓN','FERRETERÍA','SE ACTUALIZÓ 13 UNIDAD DE ACEITE PARA BEBE EN LA ENTRADA EOF-0002 EL 2025-01-20','15:20:41.000000','2025-01-20'),(10,1,'EDICIÓN','FERRETERÍA','SE ACTUALIZÓ 13 UNIDAD DE SHAMPOO PARA BEBE EN LA ENTRADA EOF-0002 EL 2025-01-20','15:20:41.000000','2025-01-20'),(11,1,'EDICIÓN','FERRETERÍA','SE ACTUALIZÓ 4 UNIDAD DE CREMA DE BEBE EN LA ENTRADA EOF-0002 EL 2025-01-20','15:20:41.000000','2025-01-20'),(12,1,'EDICIÓN','FERRETERÍA','SE ACTUALIZÓ 2 UNIDAD DE VITAMINA PARA BEBE EN LA ENTRADA EOF-0002 EL 2025-01-20','15:20:41.000000','2025-01-20'),(13,1,'EDICIÓN','FERRETERÍA','SE ACTUALIZÓ 10 UNIDAD DE HISOPO EN LA ENTRADA EOF-0002 EL 2025-01-20','15:20:41.000000','2025-01-20'),(14,1,'EDICIÓN','FERRETERÍA','SE ACTUALIZÓ 32 UNIDAD DE PANOS AMARILLOS EN LA ENTRADA EOF-0002 EL 2025-01-20','15:20:41.000000','2025-01-20'),(15,1,'EDICIÓN','FERRETERÍA','SE ACTUALIZÓ 1 UNIDAD DE PANO PARA MANO EN LA ENTRADA EOF-0002 EL 2025-01-20','15:20:41.000000','2025-01-20'),(16,1,'EDICIÓN','FERRETERÍA','SE ACTUALIZÓ 3 UNIDAD DE TOALLAS EN LA ENTRADA EOF-0002 EL 2025-01-20','15:20:41.000000','2025-01-20'),(17,1,'EDICIÓN','FERRETERÍA','SE ACTUALIZÓ 8 UNIDAD DE PANITO BLANCO EN LA ENTRADA EOF-0002 EL 2025-01-20','15:20:41.000000','2025-01-20'),(18,1,'EDICIÓN','FERRETERÍA','SE ACTUALIZÓ 20 UNIDAD DE PANO DE COCINA  EN LA ENTRADA EOF-0002 EL 2025-01-20','15:20:41.000000','2025-01-20'),(19,1,'EDICIÓN','FERRETERÍA','SE ACTUALIZÓ 9 PAR DE MEDIA PARA BEBE EN LA ENTRADA EOF-0002 EL 2025-01-20','15:20:41.000000','2025-01-20'),(20,1,'EDICIÓN','FERRETERÍA','SE ACTUALIZÓ 9 UNIDAD DE BABERO PARA BEBE EN LA ENTRADA EOF-0002 EL 2025-01-20','15:20:41.000000','2025-01-20'),(21,1,'EDICIÓN','FERRETERÍA','SE ACTUALIZÓ 39 UNIDAD DE ROPA DE BEBE EN LA ENTRADA EOF-0002 EL 2025-01-20','15:20:41.000000','2025-01-20'),(22,1,'EDICIÓN','FERRETERÍA','SE ACTUALIZÓ 8 UNIDAD DE SABANA EN PAQUETE EN LA ENTRADA EOF-0002 EL 2025-01-20','15:20:41.000000','2025-01-20'),(23,1,'EDICIÓN','FERRETERÍA','SE ACTUALIZÓ 10 UNIDAD DE JABON BEBE EN LA ENTRADA EOF-0002 EL 2025-01-20','15:20:41.000000','2025-01-20'),(24,1,'ELIMINACIÓN','FERRETERÍA','SE ELIMINÓ 1 DEL ARTÍCULO: \"ACEITE MOTO 2T\" EN LA SALIDA: SOF-0001.','22:29:25.000000','2025-01-20'),(25,1,'ELIMINACIÓN','FERRETERÍA','SE ELIMINÓ COMPLETAMENTE LA SALIDA: ID SOF-0001.','22:29:25.000000','2025-01-20'),(26,1,'ELIMINACIÓN','FERRETERÍA','SE ELIMINÓ 1 DEL ARTÍCULO: \"AGUA EMBOTELLADA (24 UND)\" EN LA SALIDA: SOF-0001.','00:29:58.000000','2025-01-21'),(27,1,'ELIMINACIÓN','FERRETERÍA','SE ELIMINÓ COMPLETAMENTE LA SALIDA: ID SOF-0001.','00:29:58.000000','2025-01-21'),(28,1,'ELIMINACIÓN','MEDICINAS','SE ELIMINÓ 1 DEL ARTÍCULO: \"ACETAMINOFEN\" EN LA SALIDA: SA-0001.','13:59:45.000000','2025-01-21'),(29,1,'ELIMINACIÓN','MEDICINAS','SE ELIMINÓ COMPLETAMENTE LA SALIDA: ID SA-0001.','13:59:45.000000','2025-01-21'),(30,1,'ELIMINACIÓN','MEDICINAS','SE ELIMINÓ 12 DEL ARTÍCULO: \"ACETAMINOFEN\" EN LA SALIDA: EN-0001.','13:59:51.000000','2025-01-21'),(31,1,'ELIMINACIÓN','FERRETERÍA','SE ELIMINÓ COMPLETAMENTE LA SALIDA: ID EN-0001.','13:59:51.000000','2025-01-21'),(32,1,'ELIMINACIÓN','MEDICINAS','SE ELIMINÓ 3 DEL ARTÍCULO: \"MEDICAMENTO 1\" EN LA SALIDA: EN-0004.','13:59:51.000000','2025-01-21'),(33,1,'ELIMINACIÓN','FERRETERÍA','SE ELIMINÓ COMPLETAMENTE LA SALIDA: ID EN-0004.','13:59:51.000000','2025-01-21'),(34,1,'ELIMINACION','MEDICINAS','SE ELIMINÓ: MEDICAMENTO 1, CODIGO: MED-001','13:59:57.000000','2025-01-21'),(35,1,'ELIMINACION','MEDICINAS','SE ELIMINÓ: ACETAMINOFEN, CODIGO: MED-002','13:59:57.000000','2025-01-21'),(36,1,'ELIMINACION','MEDICINAS','SE ELIMINÓ: MEDICINA NUMERO 3, CODIGO: MED-003','13:59:57.000000','2025-01-21'),(37,1,'REGISTRO','oficina','AGREGADA 8 UNIDAD DE \"TENSIOMETRO\", ÁREA: AYUDAS','14:04:55.000000','2025-01-21'),(38,1,'ELIMINACIÓN','FERRETERÍA','SE ELIMINÓ COMPLETAMENTE LA SALIDA: ID SOF-0002.','14:06:56.000000','2025-01-21'),(39,1,'ELIMINACIÓN','FERRETERÍA','SE ELIMINÓ COMPLETAMENTE LA SALIDA: ID SOF-0004.','15:09:05.000000','2025-01-21'),(40,1,'ELIMINACION','FERRETERIA','SE ELIMINÓ EL ARTICULO: RESMA DE HOJAS CARTA, CODIGO: OFC-0121','20:20:05.000000','2025-01-22'),(41,1,'ELIMINACIÓN','FERRETERÍA','SE ELIMINÓ 4 DEL ARTÍCULO: \"GUANTES (X50 PARES)\" EN LA SALIDA: SOF-0004.','20:22:07.000000','2025-01-22'),(42,1,'ELIMINACIÓN','FERRETERÍA','SE ELIMINÓ 2 DEL ARTÍCULO: \"LAPICERO AZUL\" EN LA SALIDA: SOF-0004.','20:22:07.000000','2025-01-22'),(43,1,'ELIMINACIÓN','FERRETERÍA','SE ELIMINÓ 4 DEL ARTÍCULO: \"GUANTES (X50 PARES)\" EN LA SALIDA: SOF-0004.','20:27:11.000000','2025-01-22'),(44,1,'ELIMINACIÓN','FERRETERÍA','SE ELIMINÓ 2 DEL ARTÍCULO: \"LAPICERO AZUL\" EN LA SALIDA: SOF-0004.','20:27:11.000000','2025-01-22'),(45,1,'ELIMINACIÓN','FERRETERÍA','SE ELIMINÓ COMPLETAMENTE LA SALIDA: ID SOF-0004.','20:27:34.000000','2025-01-22'),(46,1,'EDICIÓN','FERRETERÍA','SE ACTUALIZÓ 14 UNIDAD DE PEINE SURTIDO (PAQUETE) EN LA ENTRADA EOF-0007 EL 2025-01-20','15:03:32.000000','2025-01-24'),(47,1,'EDICIÓN','FERRETERÍA','SE ACTUALIZÓ 6 UNIDAD DE CAJAS ACRILICAS EN LA ENTRADA EOF-0007 EL 2025-01-20','15:03:32.000000','2025-01-24'),(48,1,'EDICIÓN','FERRETERÍA','SE ACTUALIZÓ 14 UNIDAD DE CHINCHORROS EN LA ENTRADA EOF-0007 EL 2025-01-20','15:03:32.000000','2025-01-24'),(49,1,'EDICIÓN','FERRETERÍA','SE ACTUALIZÓ 13 UNIDAD DE LIGAS PARA CABELLO (PAQUETE) EN LA ENTRADA EOF-0007 EL 2025-01-20','15:03:32.000000','2025-01-24'),(50,1,'EDICIÓN','FERRETERÍA','SE ACTUALIZÓ 37 UNIDAD DE SERVILLETAS (PAQUETE) EN LA ENTRADA EOF-0007 EL 2025-01-20','15:03:32.000000','2025-01-24'),(51,1,'EDICIÓN','FERRETERÍA','SE ACTUALIZÓ 11 CAJA DE SHAMPOO (36 UND) EN LA ENTRADA EOF-0007 EL 2025-01-20','15:03:32.000000','2025-01-24'),(52,1,'EDICIÓN','FERRETERÍA','SE ACTUALIZÓ 114 UNIDAD DE SUPLEMENTO PROTEINA 900G EN LA ENTRADA EOF-0007 EL 2025-01-20','15:03:32.000000','2025-01-24'),(53,1,'EDICIÓN','FERRETERÍA','SE ACTUALIZÓ 7 CAJA DE VASOS #7 EN LA ENTRADA EOF-0007 EL 2025-01-20','15:03:32.000000','2025-01-24'),(54,1,'EDICIÓN','FERRETERÍA','SE ACTUALIZÓ 5 UNIDAD DE ALMOHADAS EN LA ENTRADA EOF-0007 EL 2025-01-20','15:03:32.000000','2025-01-24'),(55,1,'EDICIÓN','FERRETERÍA','SE ACTUALIZÓ 21 UNIDAD DE BOLSOS ESCOLARES EN LA ENTRADA EOF-0007 EL 2025-01-20','15:03:32.000000','2025-01-24'),(56,1,'EDICIÓN','FERRETERÍA','SE ACTUALIZÓ 314 UNIDAD DE CREMA DENTAL EN LA ENTRADA EOF-0007 EL 2025-01-20','15:03:32.000000','2025-01-24'),(57,1,'EDICIÓN','FERRETERÍA','SE ACTUALIZÓ 10 UNIDAD DE SALSEROS EN LA ENTRADA EOF-0007 EL 2025-01-20','15:03:32.000000','2025-01-24'),(58,1,'EDICIÓN','FERRETERÍA','SE ACTUALIZÓ 401 UNIDAD DE JABON HARMONY EN LA ENTRADA EOF-0007 EL 2025-01-20','15:03:32.000000','2025-01-24'),(59,1,'EDICIÓN','FERRETERÍA','SE ACTUALIZÓ 13 UNIDAD DE PONCHERA EN LA ENTRADA EOF-0007 EL 2025-01-20','15:03:32.000000','2025-01-24'),(60,1,'EDICIÓN','FERRETERÍA','SE ACTUALIZÓ 7 UNIDAD DE TOBO EN LA ENTRADA EOF-0007 EL 2025-01-20','15:03:32.000000','2025-01-24'),(61,1,'EDICIÓN','FERRETERÍA','SE ACTUALIZÓ 305 UNIDAD DE DESODORANTE EN LA ENTRADA EOF-0007 EL 2025-01-20','15:03:32.000000','2025-01-24'),(62,1,'EDICIÓN','FERRETERÍA','SE ACTUALIZÓ 6 UNIDAD DE CALAZAM (BOTELLA) EN LA ENTRADA EOF-0007 EL 2025-01-20','15:03:32.000000','2025-01-24'),(63,1,'EDICIÓN','FERRETERÍA','SE ACTUALIZÓ 400 UNIDAD DE TENEDORES DE PLASTICO EN LA ENTRADA EOF-0007 EL 2025-01-20','15:03:32.000000','2025-01-24'),(64,1,'EDICIÓN','FERRETERÍA','SE ACTUALIZÓ 2 UNIDAD DE WALKI TALKIE EN LA ENTRADA EOF-0007 EL 2025-01-20','15:03:32.000000','2025-01-24'),(65,1,'EDICIÓN','FERRETERÍA','SE ACTUALIZÓ 6 UNIDAD DE BANDEJAS DE MONAGAS ACRILICAS EN LA ENTRADA EOF-0007 EL 2025-01-20','15:03:32.000000','2025-01-24'),(66,1,'EDICIÓN','FERRETERÍA','SE ACTUALIZÓ 31 UNIDAD DE RED BULL EN LA ENTRADA EOF-0007 EL 2025-01-20','15:03:32.000000','2025-01-24'),(67,1,'EDICIÓN','FERRETERÍA','SE ACTUALIZÓ 3 UNIDAD DE ESTUCHE DE NINA (JUEGO) EN LA ENTRADA EOF-0007 EL 2025-01-20','15:03:32.000000','2025-01-24'),(68,1,'EDICIÓN','FERRETERÍA','SE ACTUALIZÓ 12 UNIDAD DE GATORADE EN LA ENTRADA EOF-0007 EL 2025-01-20','15:03:32.000000','2025-01-24'),(69,1,'EDICIÓN','FERRETERÍA','SE ACTUALIZÓ 3 UNIDAD DE BANDERA PROTOCOLAR (VENEZUELA) EN LA ENTRADA EOF-0007 EL 2025-01-20','15:03:32.000000','2025-01-24'),(70,1,'EDICIÓN','FERRETERÍA','SE ACTUALIZÓ 2 UNIDAD DE BANDERA PROTOCOLAR (MONAGAS) EN LA ENTRADA EOF-0007 EL 2025-01-20','15:03:32.000000','2025-01-24'),(71,1,'EDICIÓN','FERRETERÍA','SE ACTUALIZÓ 2 UNIDAD DE BANDERA DE VENEZUELA EN LA ENTRADA EOF-0007 EL 2025-01-20','15:03:32.000000','2025-01-24'),(72,1,'EDICIÓN','FERRETERÍA','SE ACTUALIZÓ 1 UNIDAD DE BANDERA DE MONAGAS EN LA ENTRADA EOF-0007 EL 2025-01-20','15:03:32.000000','2025-01-24'),(73,1,'EDICIÓN','FERRETERÍA','SE ACTUALIZÓ 3 UNIDAD DE COBIJA EN LA ENTRADA EOF-0007 EL 2025-01-20','15:03:32.000000','2025-01-24'),(74,1,'EDICIÓN','FERRETERÍA','SE ACTUALIZÓ 1 UNIDAD DE PESO DIGITAL (COCINA) EN LA ENTRADA EOF-0007 EL 2025-01-20','15:03:32.000000','2025-01-24'),(75,1,'EDICIÓN','FERRETERÍA','SE ACTUALIZÓ 100 UNIDAD DE CUCHARILLA DE PLASTICO EN LA ENTRADA EOF-0007 EL 2025-01-20','15:03:32.000000','2025-01-24'),(76,1,'EDICIÓN','FERRETERÍA','SE ACTUALIZÓ 16 UNIDAD DE GEL PARA CABELLO EN LA ENTRADA EOF-0007 EL 2025-01-20','15:03:32.000000','2025-01-24'),(77,1,'EDICIÓN','FERRETERÍA','SE ACTUALIZÓ 7 UNIDAD DE CEPILLO DE DIENTES EN LA ENTRADA EOF-0007 EL 2025-01-20','15:03:32.000000','2025-01-24'),(78,1,'EDICIÓN','FERRETERÍA','SE ACTUALIZÓ 10 CAJA DE TEMPERA EN LA ENTRADA EOF-0007 EL 2025-01-20','15:03:32.000000','2025-01-24'),(79,1,'ELIMINACION','FERRETERIA','SE ELIMINÓ EL ARTICULO: SHAMPOO (36 UND), CODIGO: OFC-0091','15:05:10.000000','2025-01-24'),(80,1,'EDICIÓN','FERRETERÍA','SE ACTUALIZÓ 496 UNIDAD DE SHAMPOO EN LA ENTRADA EOF-0010 EL 2025-01-20','15:05:58.000000','2025-01-24'),(81,4,'ELIMINACIÓN','FERRETERÍA','SE ELIMINÓ 2 DEL ARTÍCULO: \"EQUIPO O.R.L.\" EN LA SALIDA: SOF-0008.','18:10:37.000000','2025-01-24'),(82,4,'ELIMINACIÓN','FERRETERÍA','SE ELIMINÓ COMPLETAMENTE LA SALIDA: ID SOF-0008.','18:10:37.000000','2025-01-24'),(83,4,'ELIMINACIÓN','FERRETERÍA','SE ELIMINÓ 3 DEL ARTÍCULO: \"AGUA EMBOTELLADA (24 UND)\" EN LA SALIDA: SOF-0008.','18:12:09.000000','2025-01-24'),(84,4,'ELIMINACIÓN','FERRETERÍA','SE ELIMINÓ COMPLETAMENTE LA SALIDA: ID SOF-0008.','18:12:09.000000','2025-01-24'),(85,3,'EDICIÓN','FERRETERÍA','SE ACTUALIZÓ 7 UNIDAD DE TENSIOMETRO EN LA ENTRADA EOF-0009 EL 2025-01-20','19:30:21.000000','2025-01-27'),(86,1,'EDICIÓN','FERRETERÍA','SE ACTUALIZÓ 16 UNIDAD DE RESMA DE HOJAS OFICIO EN LA ENTRADA EOF-0005 EL 2025-01-20','13:46:00.000000','2025-01-28'),(87,1,'EDICIÓN','FERRETERÍA','SE ACTUALIZÓ 21 UNIDAD DE RESMA DE HOJAS CARTA EN LA ENTRADA EOF-0005 EL 2025-01-20','13:46:00.000000','2025-01-28'),(88,1,'EDICIÓN','FERRETERÍA','SE ACTUALIZÓ 1 UNIDAD DE CARPETA TIPO OFICIO (PAQUETE) EN LA ENTRADA EOF-0005 EL 2025-01-20','13:46:00.000000','2025-01-28'),(89,1,'EDICIÓN','FERRETERÍA','SE ACTUALIZÓ 7 UNIDAD DE CARPETA TIPO CARTA (PAQUETE) EN LA ENTRADA EOF-0005 EL 2025-01-20','13:46:00.000000','2025-01-28'),(90,1,'EDICIÓN','FERRETERÍA','SE ACTUALIZÓ 3 CAJA DE PEGA EN BARRA (24UND) EN LA ENTRADA EOF-0005 EL 2025-01-20','13:46:00.000000','2025-01-28'),(91,1,'EDICIÓN','FERRETERÍA','SE ACTUALIZÓ 1 UNIDAD DE TIJERAS GRANDES EN LA ENTRADA EOF-0005 EL 2025-01-20','13:46:00.000000','2025-01-28'),(92,1,'EDICIÓN','FERRETERÍA','SE ACTUALIZÓ 12 CAJA DE GRAPAS LISAS (X10 PAQ) EN LA ENTRADA EOF-0005 EL 2025-01-20','13:46:00.000000','2025-01-28'),(93,1,'EDICIÓN','FERRETERÍA','SE ACTUALIZÓ 3 CAJA DE PILA AAA EN LA ENTRADA EOF-0005 EL 2025-01-20','13:46:00.000000','2025-01-28'),(94,1,'EDICIÓN','FERRETERÍA','SE ACTUALIZÓ 9 UNIDAD DE PILA AA EN LA ENTRADA EOF-0005 EL 2025-01-20','13:46:00.000000','2025-01-28'),(95,1,'EDICIÓN','FERRETERÍA','SE ACTUALIZÓ 55 UNIDAD DE SILICON CALIENTE EN LA ENTRADA EOF-0005 EL 2025-01-20','13:46:00.000000','2025-01-28'),(96,1,'EDICIÓN','FERRETERÍA','SE ACTUALIZÓ 14 CAJA DE LAPICERO AZUL EN LA ENTRADA EOF-0005 EL 2025-01-20','13:46:00.000000','2025-01-28'),(97,1,'EDICIÓN','FERRETERÍA','SE ACTUALIZÓ 16 CAJA DE LAPICERO NEGRO EN LA ENTRADA EOF-0005 EL 2025-01-20','13:46:00.000000','2025-01-28'),(98,1,'EDICIÓN','FERRETERÍA','SE ACTUALIZÓ 1 CAJA DE MARCADOR PERMANENTE AZUL EN LA ENTRADA EOF-0005 EL 2025-01-20','13:46:00.000000','2025-01-28'),(99,1,'EDICIÓN','FERRETERÍA','SE ACTUALIZÓ 1 CAJA DE MARCADOR PERMANENTE NEGRO EN LA ENTRADA EOF-0005 EL 2025-01-20','13:46:00.000000','2025-01-28'),(100,1,'EDICIÓN','FERRETERÍA','SE ACTUALIZÓ 19 UNIDAD DE SOBRE MANILA CARTA (PAQUETE) EN LA ENTRADA EOF-0005 EL 2025-01-20','13:46:00.000000','2025-01-28'),(101,1,'EDICIÓN','FERRETERÍA','SE ACTUALIZÓ 11 UNIDAD DE SOBRE MANILA OFICIO (PAQUETE) EN LA ENTRADA EOF-0005 EL 2025-01-20','13:46:00.000000','2025-01-28'),(102,1,'EDICIÓN','FERRETERÍA','SE ACTUALIZÓ 25 UNIDAD DE CARPETAS DE COLORES EN LA ENTRADA EOF-0005 EL 2025-01-20','13:46:00.000000','2025-01-28'),(103,1,'EDICIÓN','FERRETERÍA','SE ACTUALIZÓ 9 UNIDAD DE RESALTADORES GRANDES EN LA ENTRADA EOF-0005 EL 2025-01-20','13:46:00.000000','2025-01-28'),(104,1,'EDICIÓN','FERRETERÍA','SE ACTUALIZÓ 3 UNIDAD DE RESALTADORES (PAQUETE DE 4 UND) EN LA ENTRADA EOF-0005 EL 2025-01-20','13:46:00.000000','2025-01-28'),(105,1,'EDICIÓN','FERRETERÍA','SE ACTUALIZÓ 1 UNIDAD DE EXACTOS (PAQUETE) EN LA ENTRADA EOF-0005 EL 2025-01-20','13:46:00.000000','2025-01-28'),(106,1,'EDICIÓN','FERRETERÍA','SE ACTUALIZÓ 1 CAJA DE CLIP MARIPOSA EN LA ENTRADA EOF-0005 EL 2025-01-20','13:46:00.000000','2025-01-28'),(107,1,'EDICIÓN','FERRETERÍA','SE ACTUALIZÓ 4 CAJA DE GRAPAS CORRUGADAS EN LA ENTRADA EOF-0005 EL 2025-01-20','13:46:00.000000','2025-01-28'),(108,1,'EDICIÓN','FERRETERÍA','SE ACTUALIZÓ 4 UNIDAD DE STICKERS DE NOTAS (PAQUETE) EN LA ENTRADA EOF-0005 EL 2025-01-20','13:46:00.000000','2025-01-28'),(109,1,'EDICIÓN','FERRETERÍA','SE ACTUALIZÓ 17 UNIDAD DE LIGAS (PAQUETE) EN LA ENTRADA EOF-0005 EL 2025-01-20','13:46:00.000000','2025-01-28'),(110,1,'EDICIÓN','FERRETERÍA','SE ACTUALIZÓ 65 UNIDAD DE PEGA BLANCA LIQUIDA EN LA ENTRADA EOF-0005 EL 2025-01-20','13:46:00.000000','2025-01-28'),(111,1,'EDICIÓN','FERRETERÍA','SE ACTUALIZÓ 3 UNIDAD DE CARPETA CON ARO EN LA ENTRADA EOF-0005 EL 2025-01-20','13:46:00.000000','2025-01-28'),(112,1,'EDICIÓN','FERRETERÍA','SE ACTUALIZÓ 87 CAJA DE LAPIZ GRAFITO EN LA ENTRADA EOF-0005 EL 2025-01-20','13:46:00.000000','2025-01-28'),(113,1,'EDICIÓN','FERRETERÍA','SE ACTUALIZÓ 60 UNIDAD DE TIRRO DE DEMARCACION EN LA ENTRADA EOF-0005 EL 2025-01-20','13:46:00.000000','2025-01-28'),(114,1,'REGISTRO','oficina','AGREGADA 25 UNIDAD DE \"CARPETA TIPO OFICIO (UNIDAD)\", ÁREA: PAPELERIA','13:46:43.000000','2025-01-28'),(115,1,'REGISTRO','BOMBAS','SE REGISTRÓ 1 BOMBA(S) DE 1 HP TRIFASICO DE 220 V PARA ACOSTA, SECTOR: 1, \n FECHA DE ENTREGA: 2025-01-30','20:24:06.000000','2025-01-30'),(116,1,'ELIMINACION','BOMBAS','SE ELIMINÓ 1 BOMBA(S) DE 1 HP TRIFASICO DE 220 V PARA ACOSTA, SECTOR: 1, FECHA DE ENTREGA: 2025-01-30','20:24:09.000000','2025-01-30'),(117,1,'EDICIÓN','FERRETERÍA','SE ACTUALIZÓ 14 UNIDAD DE PEINE SURTIDO (PAQUETE) EN LA ENTRADA EOF-0007 EL 2025-01-20','14:20:13.000000','2025-02-03'),(118,1,'EDICIÓN','FERRETERÍA','SE ACTUALIZÓ 6 UNIDAD DE CAJAS ACRILICAS EN LA ENTRADA EOF-0007 EL 2025-01-20','14:20:13.000000','2025-02-03'),(119,1,'EDICIÓN','FERRETERÍA','SE ACTUALIZÓ 14 UNIDAD DE CHINCHORROS EN LA ENTRADA EOF-0007 EL 2025-01-20','14:20:13.000000','2025-02-03'),(120,1,'EDICIÓN','FERRETERÍA','SE ACTUALIZÓ 13 UNIDAD DE LIGAS PARA CABELLO (PAQUETE) EN LA ENTRADA EOF-0007 EL 2025-01-20','14:20:13.000000','2025-02-03'),(121,1,'EDICIÓN','FERRETERÍA','SE ACTUALIZÓ 37 UNIDAD DE SERVILLETAS (PAQUETE) EN LA ENTRADA EOF-0007 EL 2025-01-20','14:20:13.000000','2025-02-03'),(122,1,'EDICIÓN','FERRETERÍA','SE ACTUALIZÓ 114 UNIDAD DE SUPLEMENTO PROTEINA 900G EN LA ENTRADA EOF-0007 EL 2025-01-20','14:20:13.000000','2025-02-03'),(123,1,'EDICIÓN','FERRETERÍA','SE ACTUALIZÓ 7 CAJA DE VASOS #7 EN LA ENTRADA EOF-0007 EL 2025-01-20','14:20:13.000000','2025-02-03'),(124,1,'EDICIÓN','FERRETERÍA','SE ACTUALIZÓ 5 UNIDAD DE ALMOHADAS EN LA ENTRADA EOF-0007 EL 2025-01-20','14:20:13.000000','2025-02-03'),(125,1,'EDICIÓN','FERRETERÍA','SE ACTUALIZÓ 21 UNIDAD DE BOLSOS ESCOLARES EN LA ENTRADA EOF-0007 EL 2025-01-20','14:20:13.000000','2025-02-03'),(126,1,'EDICIÓN','FERRETERÍA','SE ACTUALIZÓ 314 UNIDAD DE CREMA DENTAL EN LA ENTRADA EOF-0007 EL 2025-01-20','14:20:13.000000','2025-02-03'),(127,1,'EDICIÓN','FERRETERÍA','SE ACTUALIZÓ 10 UNIDAD DE SALSEROS EN LA ENTRADA EOF-0007 EL 2025-01-20','14:20:13.000000','2025-02-03'),(128,1,'EDICIÓN','FERRETERÍA','SE ACTUALIZÓ 252 UNIDAD DE JABON HARMONY EN LA ENTRADA EOF-0007 EL 2025-01-20','14:20:13.000000','2025-02-03'),(129,1,'EDICIÓN','FERRETERÍA','SE ACTUALIZÓ 13 UNIDAD DE PONCHERA EN LA ENTRADA EOF-0007 EL 2025-01-20','14:20:13.000000','2025-02-03'),(130,1,'EDICIÓN','FERRETERÍA','SE ACTUALIZÓ 7 UNIDAD DE TOBO EN LA ENTRADA EOF-0007 EL 2025-01-20','14:20:13.000000','2025-02-03'),(131,1,'EDICIÓN','FERRETERÍA','SE ACTUALIZÓ 305 UNIDAD DE DESODORANTE EN LA ENTRADA EOF-0007 EL 2025-01-20','14:20:13.000000','2025-02-03'),(132,1,'EDICIÓN','FERRETERÍA','SE ACTUALIZÓ 6 UNIDAD DE CALAZAM (BOTELLA) EN LA ENTRADA EOF-0007 EL 2025-01-20','14:20:13.000000','2025-02-03'),(133,1,'EDICIÓN','FERRETERÍA','SE ACTUALIZÓ 400 UNIDAD DE TENEDORES DE PLASTICO EN LA ENTRADA EOF-0007 EL 2025-01-20','14:20:13.000000','2025-02-03'),(134,1,'EDICIÓN','FERRETERÍA','SE ACTUALIZÓ 2 UNIDAD DE WALKI TALKIE EN LA ENTRADA EOF-0007 EL 2025-01-20','14:20:13.000000','2025-02-03'),(135,1,'EDICIÓN','FERRETERÍA','SE ACTUALIZÓ 6 UNIDAD DE BANDEJAS DE MONAGAS ACRILICAS EN LA ENTRADA EOF-0007 EL 2025-01-20','14:20:13.000000','2025-02-03'),(136,1,'EDICIÓN','FERRETERÍA','SE ACTUALIZÓ 31 UNIDAD DE RED BULL EN LA ENTRADA EOF-0007 EL 2025-01-20','14:20:13.000000','2025-02-03'),(137,1,'EDICIÓN','FERRETERÍA','SE ACTUALIZÓ 3 UNIDAD DE ESTUCHE DE NINA (JUEGO) EN LA ENTRADA EOF-0007 EL 2025-01-20','14:20:13.000000','2025-02-03'),(138,1,'EDICIÓN','FERRETERÍA','SE ACTUALIZÓ 12 UNIDAD DE GATORADE EN LA ENTRADA EOF-0007 EL 2025-01-20','14:20:13.000000','2025-02-03'),(139,1,'EDICIÓN','FERRETERÍA','SE ACTUALIZÓ 3 UNIDAD DE BANDERA PROTOCOLAR (VENEZUELA) EN LA ENTRADA EOF-0007 EL 2025-01-20','14:20:13.000000','2025-02-03'),(140,1,'EDICIÓN','FERRETERÍA','SE ACTUALIZÓ 2 UNIDAD DE BANDERA PROTOCOLAR (MONAGAS) EN LA ENTRADA EOF-0007 EL 2025-01-20','14:20:13.000000','2025-02-03'),(141,1,'EDICIÓN','FERRETERÍA','SE ACTUALIZÓ 2 UNIDAD DE BANDERA DE VENEZUELA EN LA ENTRADA EOF-0007 EL 2025-01-20','14:20:13.000000','2025-02-03'),(142,1,'EDICIÓN','FERRETERÍA','SE ACTUALIZÓ 1 UNIDAD DE BANDERA DE MONAGAS EN LA ENTRADA EOF-0007 EL 2025-01-20','14:20:13.000000','2025-02-03'),(143,1,'EDICIÓN','FERRETERÍA','SE ACTUALIZÓ 3 UNIDAD DE COBIJA EN LA ENTRADA EOF-0007 EL 2025-01-20','14:20:13.000000','2025-02-03'),(144,1,'EDICIÓN','FERRETERÍA','SE ACTUALIZÓ 1 UNIDAD DE PESO DIGITAL (COCINA) EN LA ENTRADA EOF-0007 EL 2025-01-20','14:20:13.000000','2025-02-03'),(145,1,'EDICIÓN','FERRETERÍA','SE ACTUALIZÓ 100 UNIDAD DE CUCHARILLA DE PLASTICO EN LA ENTRADA EOF-0007 EL 2025-01-20','14:20:13.000000','2025-02-03'),(146,1,'EDICIÓN','FERRETERÍA','SE ACTUALIZÓ 16 UNIDAD DE GEL PARA CABELLO EN LA ENTRADA EOF-0007 EL 2025-01-20','14:20:13.000000','2025-02-03'),(147,1,'EDICIÓN','FERRETERÍA','SE ACTUALIZÓ 7 UNIDAD DE CEPILLO DE DIENTES EN LA ENTRADA EOF-0007 EL 2025-01-20','14:20:13.000000','2025-02-03'),(148,1,'EDICIÓN','FERRETERÍA','SE ACTUALIZÓ 10 CAJA DE TEMPERA EN LA ENTRADA EOF-0007 EL 2025-01-20','14:20:13.000000','2025-02-03'),(149,1,'EDICIÓN','FERRETERÍA','SE ACTUALIZÓ 14 UNIDAD DE PEINE SURTIDO (PAQUETE) EN LA ENTRADA EOF-0007 EL 2025-01-20','14:21:11.000000','2025-02-03'),(150,1,'EDICIÓN','FERRETERÍA','SE ACTUALIZÓ 6 UNIDAD DE CAJAS ACRILICAS EN LA ENTRADA EOF-0007 EL 2025-01-20','14:21:11.000000','2025-02-03'),(151,1,'EDICIÓN','FERRETERÍA','SE ACTUALIZÓ 14 UNIDAD DE CHINCHORROS EN LA ENTRADA EOF-0007 EL 2025-01-20','14:21:11.000000','2025-02-03'),(152,1,'EDICIÓN','FERRETERÍA','SE ACTUALIZÓ 13 UNIDAD DE LIGAS PARA CABELLO (PAQUETE) EN LA ENTRADA EOF-0007 EL 2025-01-20','14:21:11.000000','2025-02-03'),(153,1,'EDICIÓN','FERRETERÍA','SE ACTUALIZÓ 37 UNIDAD DE SERVILLETAS (PAQUETE) EN LA ENTRADA EOF-0007 EL 2025-01-20','14:21:11.000000','2025-02-03'),(154,1,'EDICIÓN','FERRETERÍA','SE ACTUALIZÓ 114 UNIDAD DE SUPLEMENTO PROTEINA 900G EN LA ENTRADA EOF-0007 EL 2025-01-20','14:21:11.000000','2025-02-03'),(155,1,'EDICIÓN','FERRETERÍA','SE ACTUALIZÓ 7 CAJA DE VASOS #7 EN LA ENTRADA EOF-0007 EL 2025-01-20','14:21:11.000000','2025-02-03'),(156,1,'EDICIÓN','FERRETERÍA','SE ACTUALIZÓ 5 UNIDAD DE ALMOHADAS EN LA ENTRADA EOF-0007 EL 2025-01-20','14:21:11.000000','2025-02-03'),(157,1,'EDICIÓN','FERRETERÍA','SE ACTUALIZÓ 21 UNIDAD DE BOLSOS ESCOLARES EN LA ENTRADA EOF-0007 EL 2025-01-20','14:21:11.000000','2025-02-03'),(158,1,'EDICIÓN','FERRETERÍA','SE ACTUALIZÓ 314 UNIDAD DE CREMA DENTAL EN LA ENTRADA EOF-0007 EL 2025-01-20','14:21:11.000000','2025-02-03'),(159,1,'EDICIÓN','FERRETERÍA','SE ACTUALIZÓ 10 UNIDAD DE SALSEROS EN LA ENTRADA EOF-0007 EL 2025-01-20','14:21:11.000000','2025-02-03'),(160,1,'EDICIÓN','FERRETERÍA','SE ACTUALIZÓ 252 UNIDAD DE JABON HARMONY EN LA ENTRADA EOF-0007 EL 2025-01-20','14:21:11.000000','2025-02-03'),(161,1,'EDICIÓN','FERRETERÍA','SE ACTUALIZÓ 13 UNIDAD DE PONCHERA EN LA ENTRADA EOF-0007 EL 2025-01-20','14:21:11.000000','2025-02-03'),(162,1,'EDICIÓN','FERRETERÍA','SE ACTUALIZÓ 7 UNIDAD DE TOBO EN LA ENTRADA EOF-0007 EL 2025-01-20','14:21:11.000000','2025-02-03'),(163,1,'EDICIÓN','FERRETERÍA','SE ACTUALIZÓ 243 UNIDAD DE DESODORANTE EN LA ENTRADA EOF-0007 EL 2025-01-20','14:21:11.000000','2025-02-03'),(164,1,'EDICIÓN','FERRETERÍA','SE ACTUALIZÓ 6 UNIDAD DE CALAZAM (BOTELLA) EN LA ENTRADA EOF-0007 EL 2025-01-20','14:21:11.000000','2025-02-03'),(165,1,'EDICIÓN','FERRETERÍA','SE ACTUALIZÓ 400 UNIDAD DE TENEDORES DE PLASTICO EN LA ENTRADA EOF-0007 EL 2025-01-20','14:21:11.000000','2025-02-03'),(166,1,'EDICIÓN','FERRETERÍA','SE ACTUALIZÓ 2 UNIDAD DE WALKI TALKIE EN LA ENTRADA EOF-0007 EL 2025-01-20','14:21:11.000000','2025-02-03'),(167,1,'EDICIÓN','FERRETERÍA','SE ACTUALIZÓ 6 UNIDAD DE BANDEJAS DE MONAGAS ACRILICAS EN LA ENTRADA EOF-0007 EL 2025-01-20','14:21:11.000000','2025-02-03'),(168,1,'EDICIÓN','FERRETERÍA','SE ACTUALIZÓ 31 UNIDAD DE RED BULL EN LA ENTRADA EOF-0007 EL 2025-01-20','14:21:11.000000','2025-02-03'),(169,1,'EDICIÓN','FERRETERÍA','SE ACTUALIZÓ 3 UNIDAD DE ESTUCHE DE NINA (JUEGO) EN LA ENTRADA EOF-0007 EL 2025-01-20','14:21:11.000000','2025-02-03'),(170,1,'EDICIÓN','FERRETERÍA','SE ACTUALIZÓ 12 UNIDAD DE GATORADE EN LA ENTRADA EOF-0007 EL 2025-01-20','14:21:11.000000','2025-02-03'),(171,1,'EDICIÓN','FERRETERÍA','SE ACTUALIZÓ 3 UNIDAD DE BANDERA PROTOCOLAR (VENEZUELA) EN LA ENTRADA EOF-0007 EL 2025-01-20','14:21:11.000000','2025-02-03'),(172,1,'EDICIÓN','FERRETERÍA','SE ACTUALIZÓ 2 UNIDAD DE BANDERA PROTOCOLAR (MONAGAS) EN LA ENTRADA EOF-0007 EL 2025-01-20','14:21:11.000000','2025-02-03'),(173,1,'EDICIÓN','FERRETERÍA','SE ACTUALIZÓ 2 UNIDAD DE BANDERA DE VENEZUELA EN LA ENTRADA EOF-0007 EL 2025-01-20','14:21:11.000000','2025-02-03'),(174,1,'EDICIÓN','FERRETERÍA','SE ACTUALIZÓ 1 UNIDAD DE BANDERA DE MONAGAS EN LA ENTRADA EOF-0007 EL 2025-01-20','14:21:11.000000','2025-02-03'),(175,1,'EDICIÓN','FERRETERÍA','SE ACTUALIZÓ 3 UNIDAD DE COBIJA EN LA ENTRADA EOF-0007 EL 2025-01-20','14:21:11.000000','2025-02-03'),(176,1,'EDICIÓN','FERRETERÍA','SE ACTUALIZÓ 1 UNIDAD DE PESO DIGITAL (COCINA) EN LA ENTRADA EOF-0007 EL 2025-01-20','14:21:11.000000','2025-02-03'),(177,1,'EDICIÓN','FERRETERÍA','SE ACTUALIZÓ 100 UNIDAD DE CUCHARILLA DE PLASTICO EN LA ENTRADA EOF-0007 EL 2025-01-20','14:21:11.000000','2025-02-03'),(178,1,'EDICIÓN','FERRETERÍA','SE ACTUALIZÓ 16 UNIDAD DE GEL PARA CABELLO EN LA ENTRADA EOF-0007 EL 2025-01-20','14:21:11.000000','2025-02-03'),(179,1,'EDICIÓN','FERRETERÍA','SE ACTUALIZÓ 7 UNIDAD DE CEPILLO DE DIENTES EN LA ENTRADA EOF-0007 EL 2025-01-20','14:21:11.000000','2025-02-03'),(180,1,'EDICIÓN','FERRETERÍA','SE ACTUALIZÓ 10 CAJA DE TEMPERA EN LA ENTRADA EOF-0007 EL 2025-01-20','14:21:11.000000','2025-02-03'),(181,1,'EDICIÓN','FERRETERÍA','SE ACTUALIZÓ 14 UNIDAD DE PEINE SURTIDO (PAQUETE) EN LA ENTRADA EOF-0007 EL 2025-01-20','14:22:21.000000','2025-02-03'),(182,1,'EDICIÓN','FERRETERÍA','SE ACTUALIZÓ 6 UNIDAD DE CAJAS ACRILICAS EN LA ENTRADA EOF-0007 EL 2025-01-20','14:22:21.000000','2025-02-03'),(183,1,'EDICIÓN','FERRETERÍA','SE ACTUALIZÓ 14 UNIDAD DE CHINCHORROS EN LA ENTRADA EOF-0007 EL 2025-01-20','14:22:21.000000','2025-02-03'),(184,1,'EDICIÓN','FERRETERÍA','SE ACTUALIZÓ 13 UNIDAD DE LIGAS PARA CABELLO (PAQUETE) EN LA ENTRADA EOF-0007 EL 2025-01-20','14:22:21.000000','2025-02-03'),(185,1,'EDICIÓN','FERRETERÍA','SE ACTUALIZÓ 37 UNIDAD DE SERVILLETAS (PAQUETE) EN LA ENTRADA EOF-0007 EL 2025-01-20','14:22:21.000000','2025-02-03'),(186,1,'EDICIÓN','FERRETERÍA','SE ACTUALIZÓ 114 UNIDAD DE SUPLEMENTO PROTEINA 900G EN LA ENTRADA EOF-0007 EL 2025-01-20','14:22:21.000000','2025-02-03'),(187,1,'EDICIÓN','FERRETERÍA','SE ACTUALIZÓ 7 CAJA DE VASOS #7 EN LA ENTRADA EOF-0007 EL 2025-01-20','14:22:21.000000','2025-02-03'),(188,1,'EDICIÓN','FERRETERÍA','SE ACTUALIZÓ 5 UNIDAD DE ALMOHADAS EN LA ENTRADA EOF-0007 EL 2025-01-20','14:22:21.000000','2025-02-03'),(189,1,'EDICIÓN','FERRETERÍA','SE ACTUALIZÓ 21 UNIDAD DE BOLSOS ESCOLARES EN LA ENTRADA EOF-0007 EL 2025-01-20','14:22:21.000000','2025-02-03'),(190,1,'EDICIÓN','FERRETERÍA','SE ACTUALIZÓ 314 UNIDAD DE CREMA DENTAL EN LA ENTRADA EOF-0007 EL 2025-01-20','14:22:21.000000','2025-02-03'),(191,1,'EDICIÓN','FERRETERÍA','SE ACTUALIZÓ 10 UNIDAD DE SALSEROS EN LA ENTRADA EOF-0007 EL 2025-01-20','14:22:21.000000','2025-02-03'),(192,1,'EDICIÓN','FERRETERÍA','SE ACTUALIZÓ 252 UNIDAD DE JABON HARMONY EN LA ENTRADA EOF-0007 EL 2025-01-20','14:22:21.000000','2025-02-03'),(193,1,'EDICIÓN','FERRETERÍA','SE ACTUALIZÓ 13 UNIDAD DE PONCHERA EN LA ENTRADA EOF-0007 EL 2025-01-20','14:22:21.000000','2025-02-03'),(194,1,'EDICIÓN','FERRETERÍA','SE ACTUALIZÓ 7 UNIDAD DE TOBO EN LA ENTRADA EOF-0007 EL 2025-01-20','14:22:21.000000','2025-02-03'),(195,1,'EDICIÓN','FERRETERÍA','SE ACTUALIZÓ 162 UNIDAD DE DESODORANTE EN LA ENTRADA EOF-0007 EL 2025-01-20','14:22:21.000000','2025-02-03'),(196,1,'EDICIÓN','FERRETERÍA','SE ACTUALIZÓ 6 UNIDAD DE CALAZAM (BOTELLA) EN LA ENTRADA EOF-0007 EL 2025-01-20','14:22:21.000000','2025-02-03'),(197,1,'EDICIÓN','FERRETERÍA','SE ACTUALIZÓ 400 UNIDAD DE TENEDORES DE PLASTICO EN LA ENTRADA EOF-0007 EL 2025-01-20','14:22:21.000000','2025-02-03'),(198,1,'EDICIÓN','FERRETERÍA','SE ACTUALIZÓ 2 UNIDAD DE WALKI TALKIE EN LA ENTRADA EOF-0007 EL 2025-01-20','14:22:21.000000','2025-02-03'),(199,1,'EDICIÓN','FERRETERÍA','SE ACTUALIZÓ 6 UNIDAD DE BANDEJAS DE MONAGAS ACRILICAS EN LA ENTRADA EOF-0007 EL 2025-01-20','14:22:21.000000','2025-02-03'),(200,1,'EDICIÓN','FERRETERÍA','SE ACTUALIZÓ 31 UNIDAD DE RED BULL EN LA ENTRADA EOF-0007 EL 2025-01-20','14:22:21.000000','2025-02-03'),(201,1,'EDICIÓN','FERRETERÍA','SE ACTUALIZÓ 3 UNIDAD DE ESTUCHE DE NINA (JUEGO) EN LA ENTRADA EOF-0007 EL 2025-01-20','14:22:21.000000','2025-02-03'),(202,1,'EDICIÓN','FERRETERÍA','SE ACTUALIZÓ 12 UNIDAD DE GATORADE EN LA ENTRADA EOF-0007 EL 2025-01-20','14:22:21.000000','2025-02-03'),(203,1,'EDICIÓN','FERRETERÍA','SE ACTUALIZÓ 3 UNIDAD DE BANDERA PROTOCOLAR (VENEZUELA) EN LA ENTRADA EOF-0007 EL 2025-01-20','14:22:21.000000','2025-02-03'),(204,1,'EDICIÓN','FERRETERÍA','SE ACTUALIZÓ 2 UNIDAD DE BANDERA PROTOCOLAR (MONAGAS) EN LA ENTRADA EOF-0007 EL 2025-01-20','14:22:21.000000','2025-02-03'),(205,1,'EDICIÓN','FERRETERÍA','SE ACTUALIZÓ 2 UNIDAD DE BANDERA DE VENEZUELA EN LA ENTRADA EOF-0007 EL 2025-01-20','14:22:21.000000','2025-02-03'),(206,1,'EDICIÓN','FERRETERÍA','SE ACTUALIZÓ 1 UNIDAD DE BANDERA DE MONAGAS EN LA ENTRADA EOF-0007 EL 2025-01-20','14:22:21.000000','2025-02-03'),(207,1,'EDICIÓN','FERRETERÍA','SE ACTUALIZÓ 3 UNIDAD DE COBIJA EN LA ENTRADA EOF-0007 EL 2025-01-20','14:22:21.000000','2025-02-03'),(208,1,'EDICIÓN','FERRETERÍA','SE ACTUALIZÓ 1 UNIDAD DE PESO DIGITAL (COCINA) EN LA ENTRADA EOF-0007 EL 2025-01-20','14:22:21.000000','2025-02-03'),(209,1,'EDICIÓN','FERRETERÍA','SE ACTUALIZÓ 100 UNIDAD DE CUCHARILLA DE PLASTICO EN LA ENTRADA EOF-0007 EL 2025-01-20','14:22:21.000000','2025-02-03'),(210,1,'EDICIÓN','FERRETERÍA','SE ACTUALIZÓ 16 UNIDAD DE GEL PARA CABELLO EN LA ENTRADA EOF-0007 EL 2025-01-20','14:22:21.000000','2025-02-03'),(211,1,'EDICIÓN','FERRETERÍA','SE ACTUALIZÓ 7 UNIDAD DE CEPILLO DE DIENTES EN LA ENTRADA EOF-0007 EL 2025-01-20','14:22:21.000000','2025-02-03'),(212,1,'EDICIÓN','FERRETERÍA','SE ACTUALIZÓ 10 CAJA DE TEMPERA EN LA ENTRADA EOF-0007 EL 2025-01-20','14:22:21.000000','2025-02-03'),(213,1,'EDICIÓN','FERRETERÍA','SE ACTUALIZÓ 14 UNIDAD DE PEINE SURTIDO (PAQUETE) EN LA ENTRADA EOF-0007 EL 2025-01-20','14:24:54.000000','2025-02-03'),(214,1,'EDICIÓN','FERRETERÍA','SE ACTUALIZÓ 6 UNIDAD DE CAJAS ACRILICAS EN LA ENTRADA EOF-0007 EL 2025-01-20','14:24:54.000000','2025-02-03'),(215,1,'EDICIÓN','FERRETERÍA','SE ACTUALIZÓ 14 UNIDAD DE CHINCHORROS EN LA ENTRADA EOF-0007 EL 2025-01-20','14:24:54.000000','2025-02-03'),(216,1,'EDICIÓN','FERRETERÍA','SE ACTUALIZÓ 13 UNIDAD DE LIGAS PARA CABELLO (PAQUETE) EN LA ENTRADA EOF-0007 EL 2025-01-20','14:24:54.000000','2025-02-03'),(217,1,'EDICIÓN','FERRETERÍA','SE ACTUALIZÓ 37 UNIDAD DE SERVILLETAS (PAQUETE) EN LA ENTRADA EOF-0007 EL 2025-01-20','14:24:54.000000','2025-02-03'),(218,1,'EDICIÓN','FERRETERÍA','SE ACTUALIZÓ 114 UNIDAD DE SUPLEMENTO PROTEINA 900G EN LA ENTRADA EOF-0007 EL 2025-01-20','14:24:54.000000','2025-02-03'),(219,1,'EDICIÓN','FERRETERÍA','SE ACTUALIZÓ 7 CAJA DE VASOS #7 EN LA ENTRADA EOF-0007 EL 2025-01-20','14:24:54.000000','2025-02-03'),(220,1,'EDICIÓN','FERRETERÍA','SE ACTUALIZÓ 5 UNIDAD DE ALMOHADAS EN LA ENTRADA EOF-0007 EL 2025-01-20','14:24:54.000000','2025-02-03'),(221,1,'EDICIÓN','FERRETERÍA','SE ACTUALIZÓ 21 UNIDAD DE BOLSOS ESCOLARES EN LA ENTRADA EOF-0007 EL 2025-01-20','14:24:54.000000','2025-02-03'),(222,1,'EDICIÓN','FERRETERÍA','SE ACTUALIZÓ 232 UNIDAD DE CREMA DENTAL EN LA ENTRADA EOF-0007 EL 2025-01-20','14:24:54.000000','2025-02-03'),(223,1,'EDICIÓN','FERRETERÍA','SE ACTUALIZÓ 10 UNIDAD DE SALSEROS EN LA ENTRADA EOF-0007 EL 2025-01-20','14:24:54.000000','2025-02-03'),(224,1,'EDICIÓN','FERRETERÍA','SE ACTUALIZÓ 252 UNIDAD DE JABON HARMONY EN LA ENTRADA EOF-0007 EL 2025-01-20','14:24:54.000000','2025-02-03'),(225,1,'EDICIÓN','FERRETERÍA','SE ACTUALIZÓ 13 UNIDAD DE PONCHERA EN LA ENTRADA EOF-0007 EL 2025-01-20','14:24:54.000000','2025-02-03'),(226,1,'EDICIÓN','FERRETERÍA','SE ACTUALIZÓ 7 UNIDAD DE TOBO EN LA ENTRADA EOF-0007 EL 2025-01-20','14:24:54.000000','2025-02-03'),(227,1,'EDICIÓN','FERRETERÍA','SE ACTUALIZÓ 162 UNIDAD DE DESODORANTE EN LA ENTRADA EOF-0007 EL 2025-01-20','14:24:54.000000','2025-02-03'),(228,1,'EDICIÓN','FERRETERÍA','SE ACTUALIZÓ 6 UNIDAD DE CALAZAM (BOTELLA) EN LA ENTRADA EOF-0007 EL 2025-01-20','14:24:54.000000','2025-02-03'),(229,1,'EDICIÓN','FERRETERÍA','SE ACTUALIZÓ 400 UNIDAD DE TENEDORES DE PLASTICO EN LA ENTRADA EOF-0007 EL 2025-01-20','14:24:54.000000','2025-02-03'),(230,1,'EDICIÓN','FERRETERÍA','SE ACTUALIZÓ 2 UNIDAD DE WALKI TALKIE EN LA ENTRADA EOF-0007 EL 2025-01-20','14:24:54.000000','2025-02-03'),(231,1,'EDICIÓN','FERRETERÍA','SE ACTUALIZÓ 6 UNIDAD DE BANDEJAS DE MONAGAS ACRILICAS EN LA ENTRADA EOF-0007 EL 2025-01-20','14:24:54.000000','2025-02-03'),(232,1,'EDICIÓN','FERRETERÍA','SE ACTUALIZÓ 31 UNIDAD DE RED BULL EN LA ENTRADA EOF-0007 EL 2025-01-20','14:24:54.000000','2025-02-03'),(233,1,'EDICIÓN','FERRETERÍA','SE ACTUALIZÓ 3 UNIDAD DE ESTUCHE DE NINA (JUEGO) EN LA ENTRADA EOF-0007 EL 2025-01-20','14:24:54.000000','2025-02-03'),(234,1,'EDICIÓN','FERRETERÍA','SE ACTUALIZÓ 12 UNIDAD DE GATORADE EN LA ENTRADA EOF-0007 EL 2025-01-20','14:24:54.000000','2025-02-03'),(235,1,'EDICIÓN','FERRETERÍA','SE ACTUALIZÓ 3 UNIDAD DE BANDERA PROTOCOLAR (VENEZUELA) EN LA ENTRADA EOF-0007 EL 2025-01-20','14:24:54.000000','2025-02-03'),(236,1,'EDICIÓN','FERRETERÍA','SE ACTUALIZÓ 2 UNIDAD DE BANDERA PROTOCOLAR (MONAGAS) EN LA ENTRADA EOF-0007 EL 2025-01-20','14:24:54.000000','2025-02-03'),(237,1,'EDICIÓN','FERRETERÍA','SE ACTUALIZÓ 2 UNIDAD DE BANDERA DE VENEZUELA EN LA ENTRADA EOF-0007 EL 2025-01-20','14:24:54.000000','2025-02-03'),(238,1,'EDICIÓN','FERRETERÍA','SE ACTUALIZÓ 1 UNIDAD DE BANDERA DE MONAGAS EN LA ENTRADA EOF-0007 EL 2025-01-20','14:24:54.000000','2025-02-03'),(239,1,'EDICIÓN','FERRETERÍA','SE ACTUALIZÓ 3 UNIDAD DE COBIJA EN LA ENTRADA EOF-0007 EL 2025-01-20','14:24:54.000000','2025-02-03'),(240,1,'EDICIÓN','FERRETERÍA','SE ACTUALIZÓ 1 UNIDAD DE PESO DIGITAL (COCINA) EN LA ENTRADA EOF-0007 EL 2025-01-20','14:24:54.000000','2025-02-03'),(241,1,'EDICIÓN','FERRETERÍA','SE ACTUALIZÓ 100 UNIDAD DE CUCHARILLA DE PLASTICO EN LA ENTRADA EOF-0007 EL 2025-01-20','14:24:54.000000','2025-02-03'),(242,1,'EDICIÓN','FERRETERÍA','SE ACTUALIZÓ 16 UNIDAD DE GEL PARA CABELLO EN LA ENTRADA EOF-0007 EL 2025-01-20','14:24:54.000000','2025-02-03'),(243,1,'EDICIÓN','FERRETERÍA','SE ACTUALIZÓ 7 UNIDAD DE CEPILLO DE DIENTES EN LA ENTRADA EOF-0007 EL 2025-01-20','14:24:54.000000','2025-02-03'),(244,1,'EDICIÓN','FERRETERÍA','SE ACTUALIZÓ 10 CAJA DE TEMPERA EN LA ENTRADA EOF-0007 EL 2025-01-20','14:24:54.000000','2025-02-03'),(245,1,'EDICIÓN','FERRETERÍA','SE ACTUALIZÓ 21 UNIDAD DE CARPETA TIPO OFICIO (UNIDAD) EN LA ENTRADA EOF-0011 EL 2025-01-28','14:32:43.000000','2025-02-03'),(246,3,'REGISTRO','BOMBAS','SE REGISTRÓ 1 BOMBA(S) DE 17.5 HP TRIFASICO DE 220 V PARA BOLÍVAR, SECTOR: LA PLENA, \n FECHA DE ENTREGA: 2025-01-30','15:21:48.000000','2025-02-03'),(247,3,'REGISTRO','BOMBAS','SE REGISTRÓ 1 BOMBA(S) DE 17.5 HP TRIFASICO DE 220 V PARA CARIPE, SECTOR: BOQUERON, \n FECHA DE ENTREGA: 2025-01-30','15:22:29.000000','2025-02-03'),(248,3,'REGISTRO','BOMBAS','SE REGISTRÓ 1 BOMBA(S) DE 17.5 HP TRIFASICO DE 220 V PARA MATURIN, SECTOR: BRISAS DE AYACUCHO, \n FECHA DE ENTREGA: 2025-01-30','15:23:23.000000','2025-02-03'),(249,3,'REGISTRO','BOMBAS','SE REGISTRÓ 1 BOMBA(S) DE 15 HP TRIFASICO DE 220 V PARA MATURIN, SECTOR: ZAMURO ADENTRO SECTOR LOS GALPONES, \n FECHA DE ENTREGA: 2025-02-03','15:25:05.000000','2025-02-03'),(250,3,'ACTUALIZACION','BOMBAS','ANTES: 1 BOMBA(S) TRIFASICO DE 15 HP DE 220 V PARA MATURIN, SECTOR: ZAMURO ADENTRO SECTOR LOS GALPONES \n DESPUÉS: 1 BOMBA(S) TRIFASICO DE 15 HP DE 220 V PARA MATURIN, SECTOR: ZAMURO ADENTRO SECTOR LOS GALPONES','15:25:15.000000','2025-02-03'),(251,3,'REGISTRO','BOMBAS','SE REGISTRÓ 1 BOMBA(S) DE 7.5 HP TRIFASICO DE 220 V PARA MATURIN, SECTOR: EL CHISPERO DE MORICHAL LARGO, \n FECHA DE ENTREGA: 2025-01-30','15:26:12.000000','2025-02-03'),(252,3,'REGISTRO','BOMBAS','SE REGISTRÓ 1 BOMBA(S) DE 7.5 HP TRIFASICO DE 220 V PARA MATURIN, SECTOR: MATA LINDA, \n FECHA DE ENTREGA: 2025-01-30','15:27:52.000000','2025-02-03'),(253,3,'REGISTRO','BOMBAS','SE REGISTRÓ 1 BOMBA(S) DE 20 HP TRIFASICO DE 220 V PARA MATURIN, SECTOR: SALTO SUR, \n FECHA DE ENTREGA: 2025-01-30','15:28:47.000000','2025-02-03'),(254,3,'REGISTRO','BOMBAS','SE REGISTRÓ 1 BOMBA(S) DE 20 HP TRIFASICO DE 220 V PARA EZEQUIEL ZAMORA, SECTOR: LA ARBOLEDA, \n FECHA DE ENTREGA: 2025-01-30','15:30:12.000000','2025-02-03'),(255,3,'REGISTRO','BOMBAS','SE REGISTRÓ 1 BOMBA(S) DE 10 HP TRIFASICO DE 220 V PARA MATURIN, SECTOR: ZAMORA AFUERA POZO I, \n FECHA DE ENTREGA: 2025-01-30','15:31:06.000000','2025-02-03'),(256,3,'EDICIÓN','FERRETERÍA','SE ACTUALIZÓ 16 UNIDAD DE RESMA DE HOJAS OFICIO EN LA ENTRADA EOF-0005 EL 2025-01-20','16:30:11.000000','2025-02-07'),(257,3,'EDICIÓN','FERRETERÍA','SE ACTUALIZÓ 23 UNIDAD DE RESMA DE HOJAS CARTA EN LA ENTRADA EOF-0005 EL 2025-01-20','16:30:11.000000','2025-02-07'),(258,3,'EDICIÓN','FERRETERÍA','SE ACTUALIZÓ 1 UNIDAD DE CARPETA TIPO OFICIO (PAQUETE) EN LA ENTRADA EOF-0005 EL 2025-01-20','16:30:11.000000','2025-02-07'),(259,3,'EDICIÓN','FERRETERÍA','SE ACTUALIZÓ 7 UNIDAD DE CARPETA TIPO CARTA (PAQUETE) EN LA ENTRADA EOF-0005 EL 2025-01-20','16:30:11.000000','2025-02-07'),(260,3,'EDICIÓN','FERRETERÍA','SE ACTUALIZÓ 3 CAJA DE PEGA EN BARRA (24UND) EN LA ENTRADA EOF-0005 EL 2025-01-20','16:30:11.000000','2025-02-07'),(261,3,'EDICIÓN','FERRETERÍA','SE ACTUALIZÓ 1 UNIDAD DE TIJERAS GRANDES EN LA ENTRADA EOF-0005 EL 2025-01-20','16:30:11.000000','2025-02-07'),(262,3,'EDICIÓN','FERRETERÍA','SE ACTUALIZÓ 12 CAJA DE GRAPAS LISAS (X10 PAQ) EN LA ENTRADA EOF-0005 EL 2025-01-20','16:30:11.000000','2025-02-07'),(263,3,'EDICIÓN','FERRETERÍA','SE ACTUALIZÓ 3 CAJA DE PILA AAA EN LA ENTRADA EOF-0005 EL 2025-01-20','16:30:11.000000','2025-02-07'),(264,3,'EDICIÓN','FERRETERÍA','SE ACTUALIZÓ 9 UNIDAD DE PILA AA EN LA ENTRADA EOF-0005 EL 2025-01-20','16:30:11.000000','2025-02-07'),(265,3,'EDICIÓN','FERRETERÍA','SE ACTUALIZÓ 55 UNIDAD DE SILICON CALIENTE EN LA ENTRADA EOF-0005 EL 2025-01-20','16:30:11.000000','2025-02-07'),(266,3,'EDICIÓN','FERRETERÍA','SE ACTUALIZÓ 14 CAJA DE LAPICERO AZUL EN LA ENTRADA EOF-0005 EL 2025-01-20','16:30:11.000000','2025-02-07'),(267,3,'EDICIÓN','FERRETERÍA','SE ACTUALIZÓ 16 CAJA DE LAPICERO NEGRO EN LA ENTRADA EOF-0005 EL 2025-01-20','16:30:11.000000','2025-02-07'),(268,3,'EDICIÓN','FERRETERÍA','SE ACTUALIZÓ 1 CAJA DE MARCADOR PERMANENTE AZUL EN LA ENTRADA EOF-0005 EL 2025-01-20','16:30:11.000000','2025-02-07'),(269,3,'EDICIÓN','FERRETERÍA','SE ACTUALIZÓ 1 CAJA DE MARCADOR PERMANENTE NEGRO EN LA ENTRADA EOF-0005 EL 2025-01-20','16:30:11.000000','2025-02-07'),(270,3,'EDICIÓN','FERRETERÍA','SE ACTUALIZÓ 19 UNIDAD DE SOBRE MANILA CARTA (PAQUETE) EN LA ENTRADA EOF-0005 EL 2025-01-20','16:30:11.000000','2025-02-07'),(271,3,'EDICIÓN','FERRETERÍA','SE ACTUALIZÓ 11 UNIDAD DE SOBRE MANILA OFICIO (PAQUETE) EN LA ENTRADA EOF-0005 EL 2025-01-20','16:30:11.000000','2025-02-07'),(272,3,'EDICIÓN','FERRETERÍA','SE ACTUALIZÓ 25 UNIDAD DE CARPETAS DE COLORES EN LA ENTRADA EOF-0005 EL 2025-01-20','16:30:11.000000','2025-02-07'),(273,3,'EDICIÓN','FERRETERÍA','SE ACTUALIZÓ 9 UNIDAD DE RESALTADORES GRANDES EN LA ENTRADA EOF-0005 EL 2025-01-20','16:30:11.000000','2025-02-07'),(274,3,'EDICIÓN','FERRETERÍA','SE ACTUALIZÓ 3 UNIDAD DE RESALTADORES (PAQUETE DE 4 UND) EN LA ENTRADA EOF-0005 EL 2025-01-20','16:30:11.000000','2025-02-07'),(275,3,'EDICIÓN','FERRETERÍA','SE ACTUALIZÓ 1 UNIDAD DE EXACTOS (PAQUETE) EN LA ENTRADA EOF-0005 EL 2025-01-20','16:30:11.000000','2025-02-07'),(276,3,'EDICIÓN','FERRETERÍA','SE ACTUALIZÓ 1 CAJA DE CLIP MARIPOSA EN LA ENTRADA EOF-0005 EL 2025-01-20','16:30:11.000000','2025-02-07'),(277,3,'EDICIÓN','FERRETERÍA','SE ACTUALIZÓ 4 CAJA DE GRAPAS CORRUGADAS EN LA ENTRADA EOF-0005 EL 2025-01-20','16:30:11.000000','2025-02-07'),(278,3,'EDICIÓN','FERRETERÍA','SE ACTUALIZÓ 4 UNIDAD DE STICKERS DE NOTAS (PAQUETE) EN LA ENTRADA EOF-0005 EL 2025-01-20','16:30:11.000000','2025-02-07'),(279,3,'EDICIÓN','FERRETERÍA','SE ACTUALIZÓ 17 UNIDAD DE LIGAS (PAQUETE) EN LA ENTRADA EOF-0005 EL 2025-01-20','16:30:12.000000','2025-02-07'),(280,3,'EDICIÓN','FERRETERÍA','SE ACTUALIZÓ 65 UNIDAD DE PEGA BLANCA LIQUIDA EN LA ENTRADA EOF-0005 EL 2025-01-20','16:30:12.000000','2025-02-07'),(281,3,'EDICIÓN','FERRETERÍA','SE ACTUALIZÓ 3 UNIDAD DE CARPETA CON ARO EN LA ENTRADA EOF-0005 EL 2025-01-20','16:30:12.000000','2025-02-07'),(282,3,'EDICIÓN','FERRETERÍA','SE ACTUALIZÓ 87 CAJA DE LAPIZ GRAFITO EN LA ENTRADA EOF-0005 EL 2025-01-20','16:30:12.000000','2025-02-07'),(283,3,'EDICIÓN','FERRETERÍA','SE ACTUALIZÓ 60 UNIDAD DE TIRRO DE DEMARCACION EN LA ENTRADA EOF-0005 EL 2025-01-20','16:30:12.000000','2025-02-07'),(284,3,'EDICIÓN','FERRETERÍA','SE ACTUALIZÓ 14 UNIDAD DE RESMA DE HOJAS OFICIO EN LA ENTRADA EOF-0005 EL 2025-01-20','16:30:37.000000','2025-02-07'),(285,3,'EDICIÓN','FERRETERÍA','SE ACTUALIZÓ 23 UNIDAD DE RESMA DE HOJAS CARTA EN LA ENTRADA EOF-0005 EL 2025-01-20','16:30:37.000000','2025-02-07'),(286,3,'EDICIÓN','FERRETERÍA','SE ACTUALIZÓ 1 UNIDAD DE CARPETA TIPO OFICIO (PAQUETE) EN LA ENTRADA EOF-0005 EL 2025-01-20','16:30:37.000000','2025-02-07'),(287,3,'EDICIÓN','FERRETERÍA','SE ACTUALIZÓ 7 UNIDAD DE CARPETA TIPO CARTA (PAQUETE) EN LA ENTRADA EOF-0005 EL 2025-01-20','16:30:37.000000','2025-02-07'),(288,3,'EDICIÓN','FERRETERÍA','SE ACTUALIZÓ 3 CAJA DE PEGA EN BARRA (24UND) EN LA ENTRADA EOF-0005 EL 2025-01-20','16:30:37.000000','2025-02-07'),(289,3,'EDICIÓN','FERRETERÍA','SE ACTUALIZÓ 1 UNIDAD DE TIJERAS GRANDES EN LA ENTRADA EOF-0005 EL 2025-01-20','16:30:37.000000','2025-02-07'),(290,3,'EDICIÓN','FERRETERÍA','SE ACTUALIZÓ 12 CAJA DE GRAPAS LISAS (X10 PAQ) EN LA ENTRADA EOF-0005 EL 2025-01-20','16:30:37.000000','2025-02-07'),(291,3,'EDICIÓN','FERRETERÍA','SE ACTUALIZÓ 3 CAJA DE PILA AAA EN LA ENTRADA EOF-0005 EL 2025-01-20','16:30:37.000000','2025-02-07'),(292,3,'EDICIÓN','FERRETERÍA','SE ACTUALIZÓ 9 UNIDAD DE PILA AA EN LA ENTRADA EOF-0005 EL 2025-01-20','16:30:37.000000','2025-02-07'),(293,3,'EDICIÓN','FERRETERÍA','SE ACTUALIZÓ 55 UNIDAD DE SILICON CALIENTE EN LA ENTRADA EOF-0005 EL 2025-01-20','16:30:37.000000','2025-02-07'),(294,3,'EDICIÓN','FERRETERÍA','SE ACTUALIZÓ 14 CAJA DE LAPICERO AZUL EN LA ENTRADA EOF-0005 EL 2025-01-20','16:30:37.000000','2025-02-07'),(295,3,'EDICIÓN','FERRETERÍA','SE ACTUALIZÓ 16 CAJA DE LAPICERO NEGRO EN LA ENTRADA EOF-0005 EL 2025-01-20','16:30:37.000000','2025-02-07'),(296,3,'EDICIÓN','FERRETERÍA','SE ACTUALIZÓ 1 CAJA DE MARCADOR PERMANENTE AZUL EN LA ENTRADA EOF-0005 EL 2025-01-20','16:30:37.000000','2025-02-07'),(297,3,'EDICIÓN','FERRETERÍA','SE ACTUALIZÓ 1 CAJA DE MARCADOR PERMANENTE NEGRO EN LA ENTRADA EOF-0005 EL 2025-01-20','16:30:37.000000','2025-02-07'),(298,3,'EDICIÓN','FERRETERÍA','SE ACTUALIZÓ 19 UNIDAD DE SOBRE MANILA CARTA (PAQUETE) EN LA ENTRADA EOF-0005 EL 2025-01-20','16:30:37.000000','2025-02-07'),(299,3,'EDICIÓN','FERRETERÍA','SE ACTUALIZÓ 11 UNIDAD DE SOBRE MANILA OFICIO (PAQUETE) EN LA ENTRADA EOF-0005 EL 2025-01-20','16:30:37.000000','2025-02-07'),(300,3,'EDICIÓN','FERRETERÍA','SE ACTUALIZÓ 25 UNIDAD DE CARPETAS DE COLORES EN LA ENTRADA EOF-0005 EL 2025-01-20','16:30:37.000000','2025-02-07'),(301,3,'EDICIÓN','FERRETERÍA','SE ACTUALIZÓ 9 UNIDAD DE RESALTADORES GRANDES EN LA ENTRADA EOF-0005 EL 2025-01-20','16:30:37.000000','2025-02-07'),(302,3,'EDICIÓN','FERRETERÍA','SE ACTUALIZÓ 3 UNIDAD DE RESALTADORES (PAQUETE DE 4 UND) EN LA ENTRADA EOF-0005 EL 2025-01-20','16:30:37.000000','2025-02-07'),(303,3,'EDICIÓN','FERRETERÍA','SE ACTUALIZÓ 1 UNIDAD DE EXACTOS (PAQUETE) EN LA ENTRADA EOF-0005 EL 2025-01-20','16:30:37.000000','2025-02-07'),(304,3,'EDICIÓN','FERRETERÍA','SE ACTUALIZÓ 1 CAJA DE CLIP MARIPOSA EN LA ENTRADA EOF-0005 EL 2025-01-20','16:30:37.000000','2025-02-07'),(305,3,'EDICIÓN','FERRETERÍA','SE ACTUALIZÓ 4 CAJA DE GRAPAS CORRUGADAS EN LA ENTRADA EOF-0005 EL 2025-01-20','16:30:37.000000','2025-02-07'),(306,3,'EDICIÓN','FERRETERÍA','SE ACTUALIZÓ 4 UNIDAD DE STICKERS DE NOTAS (PAQUETE) EN LA ENTRADA EOF-0005 EL 2025-01-20','16:30:37.000000','2025-02-07'),(307,3,'EDICIÓN','FERRETERÍA','SE ACTUALIZÓ 17 UNIDAD DE LIGAS (PAQUETE) EN LA ENTRADA EOF-0005 EL 2025-01-20','16:30:37.000000','2025-02-07'),(308,3,'EDICIÓN','FERRETERÍA','SE ACTUALIZÓ 65 UNIDAD DE PEGA BLANCA LIQUIDA EN LA ENTRADA EOF-0005 EL 2025-01-20','16:30:37.000000','2025-02-07'),(309,3,'EDICIÓN','FERRETERÍA','SE ACTUALIZÓ 3 UNIDAD DE CARPETA CON ARO EN LA ENTRADA EOF-0005 EL 2025-01-20','16:30:37.000000','2025-02-07'),(310,3,'EDICIÓN','FERRETERÍA','SE ACTUALIZÓ 87 CAJA DE LAPIZ GRAFITO EN LA ENTRADA EOF-0005 EL 2025-01-20','16:30:37.000000','2025-02-07'),(311,3,'EDICIÓN','FERRETERÍA','SE ACTUALIZÓ 60 UNIDAD DE TIRRO DE DEMARCACION EN LA ENTRADA EOF-0005 EL 2025-01-20','16:30:37.000000','2025-02-07'),(312,1,'ELIMINACION','FERRETERIA','SE ELIMINÓ EL ARTICULO: DESODORANTE, CODIGO: OFC-0125','14:03:01.000000','2025-02-10'),(313,1,'ELIMINACION','FERRETERIA','SE ELIMINÓ EL ARTICULO: SHAMPOO, CODIGO: OFC-0126','14:03:08.000000','2025-02-10'),(314,1,'ELIMINACION','FERRETERIA','SE ELIMINÓ EL ARTICULO: TEMPERA, CODIGO: OFC-0123','14:03:21.000000','2025-02-10'),(315,1,'ELIMINACION','FERRETERIA','SE ELIMINÓ EL ARTICULO: VASOS #7, CODIGO: OFC-0093','13:31:48.000000','2025-02-12'),(316,1,'REGISTRO','oficina','AGREGADA 30 UNIDAD DE \"RESMA DE HOJAS CARTA\", ÁREA: PAPELERIA','16:08:41.000000','2025-02-12'),(317,1,'ELIMINACIÓN','FERRETERÍA','SE ELIMINÓ COMPLETAMENTE LA SALIDA: ID SOF-0056.','18:42:35.000000','2025-02-12'),(318,1,'ELIMINACIÓN','FERRETERÍA','SE ELIMINÓ COMPLETAMENTE LA SALIDA: ID SOF-0055.','18:42:35.000000','2025-02-12'),(319,1,'ELIMINACIÓN','FERRETERÍA','SE ELIMINÓ COMPLETAMENTE LA SALIDA: ID SOF-0054.','18:42:35.000000','2025-02-12'),(320,1,'ELIMINACIÓN','FERRETERÍA','SE ELIMINÓ COMPLETAMENTE LA SALIDA: ID SOF-0053.','18:42:35.000000','2025-02-12'),(321,1,'EDICIÓN','FERRETERÍA','SE ACTUALIZÓ 27 UNIDAD DE RESMA DE HOJAS CARTA EN LA ENTRADA EOF-0012 EL 2025-02-12','14:31:44.000000','2025-02-13'),(322,1,'REGISTRO','oficina','AGREGADA 7 UNIDAD DE \"AGUA EMBOTELLADA (24 UND)\", ÁREA: GENERAL','14:35:04.000000','2025-02-13'),(323,3,'REGISTRO','oficina','AGREGADA 10 UNIDAD DE \"CAFE 500 GR\", ÁREA: VARIOS','14:30:55.000000','2025-02-17'),(324,3,'REGISTRO','oficina','AGREGADA 16 KILO DE \"AZUCAR\", ÁREA: VARIOS','14:30:55.000000','2025-02-17'),(325,1,'ELIMINACIÓN','FERRETERÍA','SE ELIMINÓ 1 DEL ARTÍCULO: \"RESMA DE HOJAS CARTA\" EN LA SALIDA: SOF-0076.','18:24:33.000000','2025-02-17'),(326,1,'ELIMINACIÓN','FERRETERÍA','SE ELIMINÓ COMPLETAMENTE LA SALIDA: ID SOF-0076.','18:24:33.000000','2025-02-17'),(327,1,'ELIMINACIÓN','FERRETERÍA','SE ELIMINÓ 1 DEL ARTÍCULO: \"RESMA DE HOJAS CARTA\" EN LA SALIDA: SOF-0075.','18:24:33.000000','2025-02-17'),(328,1,'ELIMINACIÓN','FERRETERÍA','SE ELIMINÓ COMPLETAMENTE LA SALIDA: ID SOF-0075.','18:24:33.000000','2025-02-17'),(329,1,'ELIMINACIÓN','FERRETERÍA','SE ELIMINÓ 1 DEL ARTÍCULO: \"RESMA DE HOJAS CARTA\" EN LA SALIDA: SOF-0073.','18:24:33.000000','2025-02-17'),(330,1,'ELIMINACIÓN','FERRETERÍA','SE ELIMINÓ COMPLETAMENTE LA SALIDA: ID SOF-0073.','18:24:33.000000','2025-02-17'),(331,1,'EDICIÓN','FERRETERÍA','SE ACTUALIZÓ 2 ROLLO DE MECATE EN LA ENTRADA EOF-0004 EL 2025-01-20','19:20:46.000000','2025-02-18'),(332,1,'EDICIÓN','FERRETERÍA','SE ACTUALIZÓ 3 UNIDAD DE REGLETA 6 TOMAS EN LA ENTRADA EOF-0004 EL 2025-01-20','19:20:46.000000','2025-02-18'),(333,1,'EDICIÓN','FERRETERÍA','SE ACTUALIZÓ 6 UNIDAD DE TOMACORRIENTE EN LA ENTRADA EOF-0004 EL 2025-01-20','19:20:46.000000','2025-02-18'),(334,1,'EDICIÓN','FERRETERÍA','SE ACTUALIZÓ 2 UNIDAD DE TEIPE NEGRO EN LA ENTRADA EOF-0004 EL 2025-01-20','19:20:46.000000','2025-02-18'),(335,1,'EDICIÓN','FERRETERÍA','SE ACTUALIZÓ 3 LITRO DE ACEITE MOTO 2T EN LA ENTRADA EOF-0004 EL 2025-01-20','19:20:46.000000','2025-02-18'),(336,1,'EDICIÓN','FERRETERÍA','SE ACTUALIZÓ 1 UNIDAD DE CABLE DE BOMBA DE AGUA EN LA ENTRADA EOF-0004 EL 2025-01-20','19:20:46.000000','2025-02-18'),(337,1,'EDICIÓN','FERRETERÍA','SE ACTUALIZÓ 2 UNIDAD DE ROMPECABEZA (600 PIEZAS) EN LA ENTRADA EOF-0004 EL 2025-01-20','19:20:46.000000','2025-02-18'),(338,1,'EDICIÓN','FERRETERÍA','SE ACTUALIZÓ 1 UNIDAD DE ROMPECABEZA (815 PIEZAS) EN LA ENTRADA EOF-0004 EL 2025-01-20','19:20:46.000000','2025-02-18'),(339,1,'EDICIÓN','FERRETERÍA','SE ACTUALIZÓ 56 CAJA DE GUANTES (X50 PARES) EN LA ENTRADA EOF-0004 EL 2025-01-20','19:20:46.000000','2025-02-18'),(340,1,'EDICIÓN','FERRETERÍA','SE ACTUALIZÓ 40 CAJA DE TAPABOCA SURTIDO (X50 UND) EN LA ENTRADA EOF-0004 EL 2025-01-20','19:20:46.000000','2025-02-18'),(341,1,'EDICIÓN','FERRETERÍA','SE ACTUALIZÓ 25 CAJA DE GORRO QUIRURGICO (X50 UND) EN LA ENTRADA EOF-0004 EL 2025-01-20','19:20:46.000000','2025-02-18'),(342,1,'EDICIÓN','FERRETERÍA','SE ACTUALIZÓ 14 GALON DE GEL DE ECO EN LA ENTRADA EOF-0004 EL 2025-01-20','19:20:46.000000','2025-02-18'),(343,1,'EDICIÓN','FERRETERÍA','SE ACTUALIZÓ 23 KILO DE CAL SODADA EN LA ENTRADA EOF-0004 EL 2025-01-20','19:20:46.000000','2025-02-18');
/*!40000 ALTER TABLE `historial` ENABLE KEYS */;
UNLOCK TABLES;

--
-- Table structure for table `medicinas`
--

DROP TABLE IF EXISTS `medicinas`;
/*!40101 SET @saved_cs_client     = @@character_set_client */;
/*!50503 SET character_set_client = utf8mb4 */;
CREATE TABLE `medicinas` (
  `id_medicina` varchar(15) COLLATE utf8mb4_general_ci NOT NULL,
  `descripcion` varchar(60) COLLATE utf8mb4_general_ci NOT NULL,
  `marca` varchar(20) COLLATE utf8mb4_general_ci NOT NULL,
  `dosis` varchar(30) COLLATE utf8mb4_general_ci NOT NULL,
  `unidad` varchar(20) COLLATE utf8mb4_general_ci NOT NULL,
  PRIMARY KEY (`id_medicina`)
) ENGINE=InnoDB DEFAULT CHARSET=utf8mb4 COLLATE=utf8mb4_general_ci;
/*!40101 SET character_set_client = @saved_cs_client */;

--
-- Dumping data for table `medicinas`
--

LOCK TABLES `medicinas` WRITE;
/*!40000 ALTER TABLE `medicinas` DISABLE KEYS */;
/*!40000 ALTER TABLE `medicinas` ENABLE KEYS */;
UNLOCK TABLES;

--
-- Table structure for table `municipios`
--

DROP TABLE IF EXISTS `municipios`;
/*!40101 SET @saved_cs_client     = @@character_set_client */;
/*!50503 SET character_set_client = utf8mb4 */;
CREATE TABLE `municipios` (
  `cod_mun` varchar(8) COLLATE utf8mb4_general_ci NOT NULL,
  `nombre` varchar(25) COLLATE utf8mb4_general_ci NOT NULL,
  PRIMARY KEY (`cod_mun`)
) ENGINE=InnoDB DEFAULT CHARSET=utf8mb4 COLLATE=utf8mb4_general_ci;
/*!40101 SET character_set_client = @saved_cs_client */;

--
-- Dumping data for table `municipios`
--

LOCK TABLES `municipios` WRITE;
/*!40000 ALTER TABLE `municipios` DISABLE KEYS */;
INSERT INTO `municipios` VALUES ('MUN-001','MATURIN'),('MUN-002','CARIPE'),('MUN-003','ACOSTA'),('MUN-004','BOLÍVAR'),('MUN-005','CEDEÑO'),('MUN-006','LIBERTADOR'),('MUN-007','PIAR'),('MUN-008','PUNCERES'),('MUN-009','SANTA BARBARA'),('MUN-010','SOTILLO'),('MUN-011','URACOA'),('MUN-012','EZEQUIEL ZAMORA'),('MUN-013','AGUASAY');
/*!40000 ALTER TABLE `municipios` ENABLE KEYS */;
UNLOCK TABLES;

--
-- Table structure for table `salidas_inventario`
--

DROP TABLE IF EXISTS `salidas_inventario`;
/*!40101 SET @saved_cs_client     = @@character_set_client */;
/*!50503 SET character_set_client = utf8mb4 */;
CREATE TABLE `salidas_inventario` (
  `id_salida` varchar(15) COLLATE utf8mb4_general_ci NOT NULL,
  `fecha` date NOT NULL,
  `destino` varchar(250) CHARACTER SET utf8mb4 COLLATE utf8mb4_general_ci NOT NULL,
  `ubicacion` enum('galpon','oficina') COLLATE utf8mb4_general_ci DEFAULT 'galpon',
  PRIMARY KEY (`id_salida`)
) ENGINE=InnoDB DEFAULT CHARSET=utf8mb4 COLLATE=utf8mb4_general_ci;
/*!40101 SET character_set_client = @saved_cs_client */;

--
-- Dumping data for table `salidas_inventario`
--

LOCK TABLES `salidas_inventario` WRITE;
/*!40000 ALTER TABLE `salidas_inventario` DISABLE KEYS */;
INSERT INTO `salidas_inventario` VALUES ('SOF-0001','2025-01-20','FUNDACION REGIONAL DEL NIÑO SIMON','oficina'),('SOF-0002','2025-01-20','RESIDENCIA DEL GOBERNADOR','oficina'),('SOF-0003','2025-01-21','SUMINISTRADO A LA SRA. LAURIMER CARRILLO','oficina'),('SOF-0005','2025-01-22','SECRETARIA DE DESARROLLO SOCIAL MISIONES Y GRANDES MISIONES','oficina'),('SOF-0006','2025-01-24','FUNDACION DEL NIÑO SIMON','oficina'),('SOF-0007','2025-01-24','ENTREGADO A PERSONAL DE DESPACHO (VILLA HEROICA)','oficina'),('SOF-0008','2025-01-24','SECRETARIA DE PLANIFICACION','oficina'),('SOF-0009','2025-01-27','FUNDACION DEL NIÑO SIMON','oficina'),('SOF-0010','2025-01-27','DEPARTAMENTO DE COMPRAS','oficina'),('SOF-0011','2025-01-27','DESPACHO REUNION DEL ESTADO MAYOR DE AGUA','oficina'),('SOF-0012','2025-01-27','PARA LA SRA. ROSI DIAZ','oficina'),('SOF-0013','2025-01-28','GESTION PUBLICA','oficina'),('SOF-0014','2025-01-28','DEPARTAMENTO DE ATENCION AL CIUDADANO','oficina'),('SOF-0015','2025-01-28','REQUERIMIENTO SUMINISTRADO A INSAMONAGAS','oficina'),('SOF-0016','2025-01-28','REQUERIMIENTO SUMINISTRADO A SECRETARIA DE DESARROLLO SOCIAL, M. Y G. M.','oficina'),('SOF-0017','2025-01-28','REQUERIMIENTO SUMINISTRADO A SISTEMA DE MISIONES','oficina'),('SOF-0018','2025-01-29','DESPACHO','oficina'),('SOF-0019','2025-01-29','OFICINA DEL JEFE','oficina'),('SOF-0020','2025-01-29','DONACION AL SR JOSÉ ARAZME V-4.895.944, TRABAJADOR DE LA CASA DE GOBIERNO PERTENECIENTE A LA COORDINACION DE MANTENIMIENTO','oficina'),('SOF-0021','2025-01-30','SUMINISTRADO A LA DIRECCION DE DESPACHO','oficina'),('SOF-0022','2025-01-30','SUMINISTRADO A LA LOTERÍA DE ORIENTE','oficina'),('SOF-0023','2025-01-30','DIRECCION  DE PRESUPUESTO','oficina'),('SOF-0024','2025-01-30','DPTO. TESORERIA','oficina'),('SOF-0025','2025-01-30','PARA UN EVENTO','oficina'),('SOF-0026','2025-01-30','SUMINISTRADO A LA DIRECCION DE DESPACHO','oficina'),('SOF-0027','2025-01-30','PRESUPUESTO','oficina'),('SOF-0028','2025-01-31','SIMON','oficina'),('SOF-0029','2025-01-31','SUMINISTRADO A LA COMUNIDAD DE LOS GODOS LOS PÁJAROS DEL 1 AL 4','oficina'),('SOF-0030','2025-01-31','DESPACHO','oficina'),('SOF-0031','2025-01-31','MISIONES Y GRANDES MISIONES','oficina'),('SOF-0032','2025-01-31','DESPACHO','oficina'),('SOF-0033','2025-01-31','REUNION AMPLIADA DEL PSUV','oficina'),('SOF-0034','2025-02-03','USO DE OFICINA','oficina'),('SOF-0035','2025-02-03','SUMINISTRADO A LA DIRECCION DE DESPACHO','oficina'),('SOF-0036','2025-02-03','DIRECCIÓN DE PRESUPUESTO','oficina'),('SOF-0037','2025-02-04','FUNDACION REGIONAL DEL NIÑO SIMON','oficina'),('SOF-0038','2025-02-05','SECRETARIA SOCIAL, GRAN MISION VENEZUELA MUJER, MP MATURIN, PQ. ALTO LOS GODOS, SECTOR EL ROSILLO','oficina'),('SOF-0039','2025-02-05','SECRETARIA SOCIAL, GRAN MISION ABUELOS Y ABUELAS DE LA PATRIA, MP .CARIPE','oficina'),('SOF-0040','2025-02-05','SUMINISTRADO A LA FUNDACIÓN DEL NIÑO','oficina'),('SOF-0041','2025-02-07','USO DE OFICINA','oficina'),('SOF-0042','2025-02-07','USO DE OFICINA','oficina'),('SOF-0043','2025-02-07','SUMINISTRADO A PRESUPUESTO','oficina'),('SOF-0044','2025-02-08','JORGE','oficina'),('SOF-0045','2025-02-10','SUMINISTRADO A LA DIRECCION DE DESPACHO','oficina'),('SOF-0046','2025-02-10','DIRECCION DE PRESUPUESTO','oficina'),('SOF-0047','2025-02-10','SUMINISTRADO A LA SECRETARIA SOCIAL','oficina'),('SOF-0048','2025-02-11','REUNION EN DIRECCION DE DESPACHO','oficina'),('SOF-0049','2025-02-11','TURISMO','oficina'),('SOF-0050','2025-02-11','SUMINISTRADO A LA DIRECCION DE DESPACHO','oficina'),('SOF-0051','2025-02-11','MARCHA A CARACAS','oficina'),('SOF-0052','2025-02-12','SUMINISTRADO A LA DIRECCION DE DESPACHO','oficina'),('SOF-0057','2025-02-12','JULIO CASTILLO','oficina'),('SOF-0058','2025-02-12','SUMINISTRADO AL PERSONAL DE MANTENIMIENTO','oficina'),('SOF-0059','2025-02-12','DIRECCION DE DESPACHO','oficina'),('SOF-0060','2025-02-12','SUMINISTRADO AL SR. IRVIN MONTEVERDE','oficina'),('SOF-0061','2025-02-13','EN BENEFICIO DE LA SEÑORA ISABEL AGUILERA C.I: 8.966.097.','oficina'),('SOF-0062','2025-02-13','USO DE OFICINA','oficina'),('SOF-0063','2025-02-13','SUMINISTRADO A LA DIRECCION DE DESPACHO','oficina'),('SOF-0064','2025-02-13','SUMINISTRADO A MISIONES Y GRANDES MISIONES','oficina'),('SOF-0065','2025-02-13','DIRECCION DE DESPACHO (GABINETE COMUNAL EN BOQUERON)','oficina'),('SOF-0066','2025-02-13','SRA. JUBELIETH (PARROQUIA LAS COCUIZAS)','oficina'),('SOF-0067','2025-02-14','SUMINISTRADO A LA DIRECCION DE DESPACHO PARA EL FURRIAL (ANULADO)','oficina'),('SOF-0068','2025-02-14','PRENSA','oficina'),('SOF-0069','2025-02-14','SUMINISTRADO A LA PRENSA','oficina'),('SOF-0070','2025-02-17','SUMINISTRADO A LA DIRECCION DE DESPACHO','oficina'),('SOF-0071','2025-02-17','DIRECCION DE DESPACHO','oficina'),('SOF-0072','2025-02-17','SUMINISTRADO A LA PARROQUIA LA PICA','oficina'),('SOF-0074','2025-02-17','SUMINISTRADO AL DEPARTAMENTO DE TESORERIA','oficina'),('SOF-0077','2025-02-15','CESAR ZAMBRANO','oficina'),('SOF-0078','2025-02-17','SUMINISTRADO AL GALPON PARA ALMACENAR','oficina'),('SOF-0079','2025-02-18','SUMINISTRADO A LA AVANZADA','oficina');
/*!40000 ALTER TABLE `salidas_inventario` ENABLE KEYS */;
UNLOCK TABLES;

--
-- Table structure for table `salidas_medicinas`
--

DROP TABLE IF EXISTS `salidas_medicinas`;
/*!40101 SET @saved_cs_client     = @@character_set_client */;
/*!50503 SET character_set_client = utf8mb4 */;
CREATE TABLE `salidas_medicinas` (
  `id_salida` varchar(15) COLLATE utf8mb4_general_ci NOT NULL,
  `fecha` date NOT NULL,
  `destino` varchar(100) COLLATE utf8mb4_general_ci NOT NULL,
  PRIMARY KEY (`id_salida`)
) ENGINE=InnoDB DEFAULT CHARSET=utf8mb4 COLLATE=utf8mb4_general_ci;
/*!40101 SET character_set_client = @saved_cs_client */;

--
-- Dumping data for table `salidas_medicinas`
--

LOCK TABLES `salidas_medicinas` WRITE;
/*!40000 ALTER TABLE `salidas_medicinas` DISABLE KEYS */;
/*!40000 ALTER TABLE `salidas_medicinas` ENABLE KEYS */;
UNLOCK TABLES;

--
-- Table structure for table `stock_inventario`
--

DROP TABLE IF EXISTS `stock_inventario`;
/*!40101 SET @saved_cs_client     = @@character_set_client */;
/*!50503 SET character_set_client = utf8mb4 */;
CREATE TABLE `stock_inventario` (
  `id` int NOT NULL AUTO_INCREMENT,
  `id_articulo` varchar(15) COLLATE utf8mb4_general_ci NOT NULL,
  `cantidad` int NOT NULL,
  `ubicacion` enum('galpon','oficina') COLLATE utf8mb4_general_ci DEFAULT 'galpon',
  PRIMARY KEY (`id`),
  UNIQUE KEY `unique_idx` (`id_articulo`,`ubicacion`)
) ENGINE=InnoDB AUTO_INCREMENT=19607 DEFAULT CHARSET=utf8mb4 COLLATE=utf8mb4_general_ci;
/*!40101 SET character_set_client = @saved_cs_client */;

--
-- Dumping data for table `stock_inventario`
--

LOCK TABLES `stock_inventario` WRITE;
/*!40000 ALTER TABLE `stock_inventario` DISABLE KEYS */;
INSERT INTO `stock_inventario` VALUES (358,'OFC-0001',3,'oficina'),(359,'OFC-0002',1,'oficina'),(360,'OFC-0003',53,'oficina'),(361,'OFC-0004',2,'oficina'),(362,'OFC-0005',6,'oficina'),(363,'OFC-0006',1,'oficina'),(364,'OFC-0007',35,'oficina'),(365,'OFC-0008',3,'oficina'),(366,'OFC-0009',2,'oficina'),(367,'OFC-0010',7,'oficina'),(368,'OFC-0011',8,'oficina'),(380,'OFC-0012',3,'oficina'),(381,'OFC-0013',2,'oficina'),(382,'OFC-0014',15,'oficina'),(383,'OFC-0015',3,'oficina'),(384,'OFC-0016',2,'oficina'),(385,'OFC-0017',10,'oficina'),(386,'OFC-0018',26,'oficina'),(387,'OFC-0019',13,'oficina'),(388,'OFC-0020',13,'oficina'),(389,'OFC-0021',13,'oficina'),(390,'OFC-0022',4,'oficina'),(391,'OFC-0023',2,'oficina'),(392,'OFC-0024',10,'oficina'),(393,'OFC-0025',32,'oficina'),(394,'OFC-0026',1,'oficina'),(395,'OFC-0027',3,'oficina'),(396,'OFC-0028',8,'oficina'),(397,'OFC-0029',20,'oficina'),(398,'OFC-0030',9,'oficina'),(399,'OFC-0031',9,'oficina'),(400,'OFC-0032',39,'oficina'),(401,'OFC-0033',8,'oficina'),(402,'OFC-0034',10,'oficina'),(437,'OFC-0035',7,'oficina'),(438,'OFC-0036',1,'oficina'),(439,'OFC-0037',2,'oficina'),(440,'OFC-0038',1,'oficina'),(441,'OFC-0039',2,'oficina'),(442,'OFC-0040',4,'oficina'),(443,'OFC-0041',2,'oficina'),(485,'OFC-0042',2,'oficina'),(486,'OFC-0043',3,'oficina'),(487,'OFC-0044',6,'oficina'),(488,'OFC-0045',2,'oficina'),(489,'OFC-0046',3,'oficina'),(490,'OFC-0047',1,'oficina'),(491,'OFC-0048',2,'oficina'),(492,'OFC-0049',1,'oficina'),(493,'OFC-0050',52,'oficina'),(494,'OFC-0051',40,'oficina'),(495,'OFC-0052',25,'oficina'),(496,'OFC-0053',14,'oficina'),(497,'OFC-0054',23,'oficina'),(552,'OFC-0055',13,'oficina'),(553,'OFC-0056',33,'oficina'),(554,'OFC-0057',1,'oficina'),(555,'OFC-0058',6,'oficina'),(556,'OFC-0059',3,'oficina'),(557,'OFC-0060',0,'oficina'),(558,'OFC-0061',12,'oficina'),(559,'OFC-0062',3,'oficina'),(560,'OFC-0063',9,'oficina'),(561,'OFC-0064',55,'oficina'),(562,'OFC-0065',11,'oficina'),(563,'OFC-0066',13,'oficina'),(564,'OFC-0067',1,'oficina'),(565,'OFC-0068',0,'oficina'),(566,'OFC-0069',19,'oficina'),(567,'OFC-0070',11,'oficina'),(568,'OFC-0071',25,'oficina'),(569,'OFC-0072',9,'oficina'),(570,'OFC-0073',2,'oficina'),(571,'OFC-0074',1,'oficina'),(572,'OFC-0075',1,'oficina'),(573,'OFC-0076',4,'oficina'),(574,'OFC-0077',4,'oficina'),(575,'OFC-0078',17,'oficina'),(576,'OFC-0079',3,'oficina'),(577,'OFC-0080',3,'oficina'),(578,'OFC-0081',85,'oficina'),(579,'OFC-0082',60,'oficina'),(744,'OFC-0083',2,'oficina'),(745,'OFC-0084',1,'oficina'),(746,'OFC-0085',4,'oficina'),(832,'OFC-0086',14,'oficina'),(833,'OFC-0087',6,'oficina'),(834,'OFC-0088',14,'oficina'),(835,'OFC-0089',13,'oficina'),(836,'OFC-0090',27,'oficina'),(837,'OFC-0091',11,'oficina'),(838,'OFC-0092',0,'oficina'),(839,'OFC-0093',7,'oficina'),(840,'OFC-0094',5,'oficina'),(841,'OFC-0095',21,'oficina'),(842,'OFC-0096',82,'oficina'),(843,'OFC-0097',10,'oficina'),(844,'OFC-0098',102,'oficina'),(845,'OFC-0099',13,'oficina'),(846,'OFC-0100',7,'oficina'),(847,'OFC-0101',12,'oficina'),(848,'OFC-0102',6,'oficina'),(849,'OFC-0103',400,'oficina'),(850,'OFC-0104',2,'oficina'),(851,'OFC-0105',6,'oficina'),(852,'OFC-0106',31,'oficina'),(853,'OFC-0107',3,'oficina'),(854,'OFC-0108',12,'oficina'),(855,'OFC-0109',3,'oficina'),(856,'OFC-0110',2,'oficina'),(857,'OFC-0111',0,'oficina'),(858,'OFC-0112',1,'oficina'),(859,'OFC-0113',3,'oficina'),(860,'OFC-0114',1,'oficina'),(861,'OFC-0115',100,'oficina'),(862,'OFC-0116',16,'oficina'),(863,'OFC-0117',7,'oficina'),(864,'OFC-0118',5,'oficina'),(1101,'OFC-0119',11,'oficina'),(1816,'OFC-0120',2,'oficina'),(3257,'OFC-0121',346,'oficina'),(5779,'OFC-0122',14,'oficina'),(6385,'OFC-0123',0,'oficina'),(11022,'OFC-0124',0,'oficina'),(11023,'OFC-0125',0,'oficina'),(11024,'OFC-0126',0,'oficina'),(11025,'OFC-0127',0,'oficina'),(13024,'OFC-0128',0,'oficina'),(16968,'OFC-0129',288,'oficina'),(17589,'OFC-0130',41,'oficina'),(17590,'OFC-0131',13,'oficina');
/*!40000 ALTER TABLE `stock_inventario` ENABLE KEYS */;
UNLOCK TABLES;

--
-- Table structure for table `stock_medicinas`
--

DROP TABLE IF EXISTS `stock_medicinas`;
/*!40101 SET @saved_cs_client     = @@character_set_client */;
/*!50503 SET character_set_client = utf8mb4 */;
CREATE TABLE `stock_medicinas` (
  `id_medicina` varchar(15) COLLATE utf8mb4_general_ci NOT NULL,
  `cantidad` int NOT NULL,
  KEY `id_medicina` (`id_medicina`),
  CONSTRAINT `stock_medicinas_ibfk_1` FOREIGN KEY (`id_medicina`) REFERENCES `medicinas` (`id_medicina`) ON DELETE CASCADE ON UPDATE CASCADE
) ENGINE=InnoDB DEFAULT CHARSET=utf8mb4 COLLATE=utf8mb4_general_ci;
/*!40101 SET character_set_client = @saved_cs_client */;

--
-- Dumping data for table `stock_medicinas`
--

LOCK TABLES `stock_medicinas` WRITE;
/*!40000 ALTER TABLE `stock_medicinas` DISABLE KEYS */;
/*!40000 ALTER TABLE `stock_medicinas` ENABLE KEYS */;
UNLOCK TABLES;

--
-- Table structure for table `usuarios`
--

DROP TABLE IF EXISTS `usuarios`;
/*!40101 SET @saved_cs_client     = @@character_set_client */;
/*!50503 SET character_set_client = utf8mb4 */;
CREATE TABLE `usuarios` (
  `id_usuario` int NOT NULL AUTO_INCREMENT,
  `rol` varchar(15) COLLATE utf8mb4_general_ci NOT NULL,
  `cedula` int NOT NULL,
  `nombre` varchar(30) COLLATE utf8mb4_general_ci NOT NULL,
  `apellido` varchar(30) COLLATE utf8mb4_general_ci NOT NULL,
  `telefono` varchar(12) COLLATE utf8mb4_general_ci NOT NULL,
  `correo` varchar(30) COLLATE utf8mb4_general_ci NOT NULL,
  `clave` varchar(20) COLLATE utf8mb4_general_ci NOT NULL,
  PRIMARY KEY (`id_usuario`)
) ENGINE=InnoDB AUTO_INCREMENT=9 DEFAULT CHARSET=utf8mb4 COLLATE=utf8mb4_general_ci;
/*!40101 SET character_set_client = @saved_cs_client */;

--
-- Dumping data for table `usuarios`
--

LOCK TABLES `usuarios` WRITE;
/*!40000 ALTER TABLE `usuarios` DISABLE KEYS */;
INSERT INTO `usuarios` VALUES (1,'director',29516010,'Ricardo','Perez','04249023267','ricardopz126@gmail.com','12345678'),(2,'director',19080143,'Fanny','Rivas','04120786996','correo@gmail.com','12345678'),(3,'director',25578434,'Zahi','Hanna','0424000000','correo@gmail.com','12345678'),(4,'director',23539191,'Maria','Marquez','04240000000','correo@gmail.com','123'),(5,'director',17546381,'Desiree','Maza','04240000000','correo@gmail.com','12345678'),(6,'director',16029486,'Damaris','Rivas','04240000000','correo@gmail.com','12345678'),(7,'director',13545356,'Jesus','Morandi','04240000000','correo@gmail.com','12345678'),(8,'director',26980621,'Angela','Bermejo','04248513461','correo@gmail.com','12345678');
/*!40000 ALTER TABLE `usuarios` ENABLE KEYS */;
UNLOCK TABLES;
/*!40103 SET TIME_ZONE=@OLD_TIME_ZONE */;

/*!40101 SET SQL_MODE=@OLD_SQL_MODE */;
/*!40014 SET FOREIGN_KEY_CHECKS=@OLD_FOREIGN_KEY_CHECKS */;
/*!40014 SET UNIQUE_CHECKS=@OLD_UNIQUE_CHECKS */;
/*!40101 SET CHARACTER_SET_CLIENT=@OLD_CHARACTER_SET_CLIENT */;
/*!40101 SET CHARACTER_SET_RESULTS=@OLD_CHARACTER_SET_RESULTS */;
/*!40101 SET COLLATION_CONNECTION=@OLD_COLLATION_CONNECTION */;
/*!40111 SET SQL_NOTES=@OLD_SQL_NOTES */;

-- Dump completed on 2025-02-18 19:23:18
